role_id,module_id,source_path,source_type,relation,load_mode,exists,source_sha256,size_bytes,runtime_targets,affects,risk_level,notes
A0,MAPLAB_A0_DISPATCH_SECRETARY_DYNAMIC_ROLE_MODULE,CURRENT_STATUS.md,core governance,must_read,read,true,e586343ebb6e8363040aa5b16e74ab00158de395be06b9a18aff4afcc0154681,182890,"gemini, codex, openclaw, hermes, cowork",A1; A2-A8; B1-B4; Telegram; Chrome side panel; Google Drive/Sheets connectors,medium,Loaded into handoff pack unless missing; use live API/UI for external system facts.
A0,MAPLAB_A0_DISPATCH_SECRETARY_DYNAMIC_ROLE_MODULE,AGENT_RULES.md,core governance,must_read,read,true,0e6152ddc7702ba02467da5dc63168c35ff0b6dfa911c6c91dbc0ae28bd86afb,68367,"gemini, codex, openclaw, hermes, cowork",A1; A2-A8; B1-B4; Telegram; Chrome side panel; Google Drive/Sheets connectors,medium,Loaded into handoff pack unless missing; use live API/UI for external system facts.
A0,MAPLAB_A0_DISPATCH_SECRETARY_DYNAMIC_ROLE_MODULE,AGENT_STARTUP_PROTOCOL.md,core governance,must_read,read,true,bd8a0c28c16199c490b1e70395615801bb78442d2a1fce7c8e3f4de6ee7f8629,15026,"gemini, codex, openclaw, hermes, cowork",A1; A2-A8; B1-B4; Telegram; Chrome side panel; Google Drive/Sheets connectors,medium,Loaded into handoff pack unless missing; use live API/UI for external system facts.
A0,MAPLAB_A0_DISPATCH_SECRETARY_DYNAMIC_ROLE_MODULE,pitfalls.md,core governance,must_read,read,true,947a3dcb898e36bbcb411a3f144f559d28b8aa2be3be1bdc1c81709cde3ad15a,145773,"gemini, codex, openclaw, hermes, cowork",A1; A2-A8; B1-B4; Telegram; Chrome side panel; Google Drive/Sheets connectors,medium,Loaded into handoff pack unless missing; use live API/UI for external system facts.
A0,MAPLAB_A0_DISPATCH_SECRETARY_DYNAMIC_ROLE_MODULE,TASK_QUEUE.md,core governance,must_read,read,true,7735bfcdb9f2cc31f8938a4a16c9bdccded7be4647c17dc80e82887df00ddc39,5732,"gemini, codex, openclaw, hermes, cowork",A1; A2-A8; B1-B4; Telegram; Chrome side panel; Google Drive/Sheets connectors,medium,Loaded into handoff pack unless missing; use live API/UI for external system facts.
A0,MAPLAB_A0_DISPATCH_SECRETARY_DYNAMIC_ROLE_MODULE,workbook/task_index.json,workbook artifact,must_read,read,true,a0a16a764e5db78fa40002dedccfafb5457b5e12d6eee37f9c2cdb14e9821be3,25422,"gemini, codex, openclaw, hermes, cowork",A1; A2-A8; B1-B4; Telegram; Chrome side panel; Google Drive/Sheets connectors,medium,Loaded into handoff pack unless missing; use live API/UI for external system facts.
A0,MAPLAB_A0_DISPATCH_SECRETARY_DYNAMIC_ROLE_MODULE,AGENT_RECALL_PROMPTS.md,core governance,must_read,read,true,6af77fe389d20dac0079dfbf2954098d6c30d68c87fee4ae7c7cb8a1ad2f5722,81227,"gemini, codex, openclaw, hermes, cowork",A1; A2-A8; B1-B4; Telegram; Chrome side panel; Google Drive/Sheets connectors,medium,Loaded into handoff pack unless missing; use live API/UI for external system facts.
A0,MAPLAB_A0_DISPATCH_SECRETARY_DYNAMIC_ROLE_MODULE,skills/superpowers-guide.md,skill / operating guide,must_read,read,true,8987b633b6f64545027e4744ec8ce3e8d85cf80127241dc79861dd5360407195,15373,"gemini, codex, openclaw, hermes, cowork",A1; A2-A8; B1-B4; Telegram; Chrome side panel; Google Drive/Sheets connectors,medium,Loaded into handoff pack unless missing; use live API/UI for external system facts.
A0,MAPLAB_A0_DISPATCH_SECRETARY_DYNAMIC_ROLE_MODULE,skills/task-progress-guide.md,skill / operating guide,must_read,read,true,a0a8dce530f8b02cba8dba5cdd461d0c1e7a972373da867edebe06ec9b7b7eb5,10792,"gemini, codex, openclaw, hermes, cowork",A1; A2-A8; B1-B4; Telegram; Chrome side panel; Google Drive/Sheets connectors,medium,Loaded into handoff pack unless missing; use live API/UI for external system facts.
A0,MAPLAB_A0_DISPATCH_SECRETARY_DYNAMIC_ROLE_MODULE,skills/session-lifecycle/SKILL.md,skill / operating guide,must_read,read,true,ba41f9ac9db25d3c3224a2ecd2e52cc74b989c8226bada767404034ec1eb76db,503,"gemini, codex, openclaw, hermes, cowork",A1; A2-A8; B1-B4; Telegram; Chrome side panel; Google Drive/Sheets connectors,medium,Loaded into handoff pack unless missing; use live API/UI for external system facts.
A0,MAPLAB_A0_DISPATCH_SECRETARY_DYNAMIC_ROLE_MODULE,recalls/A0_recall.md,role recall prompt,must_read,read,true,9500985a11e950bf9ee52f3de9cc7a0aa5201dd2edb79eb1a4f8e882b6fa5470,10001,"gemini, codex, openclaw, hermes, cowork",A1; A2-A8; B1-B4; Telegram; Chrome side panel; Google Drive/Sheets connectors,medium,Loaded into handoff pack unless missing; use live API/UI for external system facts.
A0,MAPLAB_A0_DISPATCH_SECRETARY_DYNAMIC_ROLE_MODULE,docs/a0-dispatch-operations-manual.md,governance or workflow document,must_read,read,true,65c6dfa64157c78a78c48d74ad0f006af06e814fb7377544d917f649f1be4e53,12804,"gemini, codex, openclaw, hermes, cowork",A1; A2-A8; B1-B4; Telegram; Chrome side panel; Google Drive/Sheets connectors,medium,Loaded into handoff pack unless missing; use live API/UI for external system facts.
A0,MAPLAB_A0_DISPATCH_SECRETARY_DYNAMIC_ROLE_MODULE,projects/a0-a1-briefing-protocol.md,project context,must_read,read,true,205fb3820659db0782ceabf0d358b65fb3f316557f303ff40a9dbdca6444ebb8,18930,"gemini, codex, openclaw, hermes, cowork",A1; A2-A8; B1-B4; Telegram; Chrome side panel; Google Drive/Sheets connectors,medium,Loaded into handoff pack unless missing; use live API/UI for external system facts.
A0,MAPLAB_A0_DISPATCH_SECRETARY_DYNAMIC_ROLE_MODULE,handoff/a0-briefing.md,handoff or task card,must_read,read,true,0993c68b03365e6dc221b64645f4c851143bcf4a8a924c44caa4728ada23e392,2353,"gemini, codex, openclaw, hermes, cowork",A1; A2-A8; B1-B4; Telegram; Chrome side panel; Google Drive/Sheets connectors,medium,Loaded into handoff pack unless missing; use live API/UI for external system facts.
A0,MAPLAB_A0_DISPATCH_SECRETARY_DYNAMIC_ROLE_MODULE,skills/a0-proactive-dispatch-guide.md,skill / operating guide,must_read,read,true,5390f623923ff167e341e525783baaa01f0fd63a52d4448d9001a1dc5e20f8f6,5660,"gemini, codex, openclaw, hermes, cowork",A1; A2-A8; B1-B4; Telegram; Chrome side panel; Google Drive/Sheets connectors,medium,Loaded into handoff pack unless missing; use live API/UI for external system facts.
A0,MAPLAB_A0_DISPATCH_SECRETARY_DYNAMIC_ROLE_MODULE,skills/remote-desktop-agent-bridge.md,skill / operating guide,must_read,read,true,fe70c9e487e707b7d417ed0418aebd0ed57f26f61674981eefd9ab19c502741f,14194,"gemini, codex, openclaw, hermes, cowork",A1; A2-A8; B1-B4; Telegram; Chrome side panel; Google Drive/Sheets connectors,medium,Loaded into handoff pack unless missing; use live API/UI for external system facts.
A0,MAPLAB_A0_DISPATCH_SECRETARY_DYNAMIC_ROLE_MODULE,skills/mcp-usage-guide.md,skill / operating guide,must_read,read,true,1bceedbfe36229f978dd1d1df989fd29133f29de816915a367782aaa7a9e1dee,7248,"gemini, codex, openclaw, hermes, cowork",A1; A2-A8; B1-B4; Telegram; Chrome side panel; Google Drive/Sheets connectors,medium,Loaded into handoff pack unless missing; use live API/UI for external system facts.
A0,MAPLAB_A0_DISPATCH_SECRETARY_DYNAMIC_ROLE_MODULE,docs/openclaw/output-contract.md,governance or workflow document,must_read,read,true,368fad433ad22bf1f4fbeef3ef05d4baa179d4f9a93eff8f44639a4d430d03ba,1700,"gemini, codex, openclaw, hermes, cowork",A1; A2-A8; B1-B4; Telegram; Chrome side panel; Google Drive/Sheets connectors,medium,Loaded into handoff pack unless missing; use live API/UI for external system facts.
A0,MAPLAB_A0_DISPATCH_SECRETARY_DYNAMIC_ROLE_MODULE,docs/openclaw/relation-graph.md,governance or workflow document,must_read,read,true,616551a8eb75ef2f74175902bdc6e13bd0af0d68409ca0ad6e70f5d0574bc197,1211,"gemini, codex, openclaw, hermes, cowork",A1; A2-A8; B1-B4; Telegram; Chrome side panel; Google Drive/Sheets connectors,medium,Loaded into handoff pack unless missing; use live API/UI for external system facts.
A0,MAPLAB_A0_DISPATCH_SECRETARY_DYNAMIC_ROLE_MODULE,docs/openclaw/security-boundaries.md,governance or workflow document,must_read,read,true,b4426628c0f5ee1359f9c90fe1fc306321523f1d928fcf26db9c4ad95db63131,661,"gemini, codex, openclaw, hermes, cowork",A1; A2-A8; B1-B4; Telegram; Chrome side panel; Google Drive/Sheets connectors,medium,Loaded into handoff pack unless missing; use live API/UI for external system facts.
A0,MAPLAB_A0_DISPATCH_SECRETARY_DYNAMIC_ROLE_MODULE,workbook/reviews/README.md,workbook artifact,must_read,read,true,91c65b9321e7f66e9ae0299d9f6832c3e01c8e8e6ef1c54daa3bc7f358691add,698,"gemini, codex, openclaw, hermes, cowork",A1; A2-A8; B1-B4; Telegram; Chrome side panel; Google Drive/Sheets connectors,medium,Loaded into handoff pack unless missing; use live API/UI for external system facts.
A1,MAPLAB_A1_SYSTEM_ORCHESTRATOR_DYNAMIC_ROLE_MODULE,CURRENT_STATUS.md,core governance,must_read,read,true,e586343ebb6e8363040aa5b16e74ab00158de395be06b9a18aff4afcc0154681,182890,"codex, openclaw, gemini, hermes",chrome-extension; tools/ai_workbook; bot_a6; CURRENT_STATUS; handoff/tasks,high,Loaded into handoff pack unless missing; use live API/UI for external system facts.
A1,MAPLAB_A1_SYSTEM_ORCHESTRATOR_DYNAMIC_ROLE_MODULE,AGENT_RULES.md,core governance,must_read,read,true,0e6152ddc7702ba02467da5dc63168c35ff0b6dfa911c6c91dbc0ae28bd86afb,68367,"codex, openclaw, gemini, hermes",chrome-extension; tools/ai_workbook; bot_a6; CURRENT_STATUS; handoff/tasks,high,Loaded into handoff pack unless missing; use live API/UI for external system facts.
A1,MAPLAB_A1_SYSTEM_ORCHESTRATOR_DYNAMIC_ROLE_MODULE,AGENT_STARTUP_PROTOCOL.md,core governance,must_read,read,true,bd8a0c28c16199c490b1e70395615801bb78442d2a1fce7c8e3f4de6ee7f8629,15026,"codex, openclaw, gemini, hermes",chrome-extension; tools/ai_workbook; bot_a6; CURRENT_STATUS; handoff/tasks,high,Loaded into handoff pack unless missing; use live API/UI for external system facts.
A1,MAPLAB_A1_SYSTEM_ORCHESTRATOR_DYNAMIC_ROLE_MODULE,pitfalls.md,core governance,must_read,read,true,947a3dcb898e36bbcb411a3f144f559d28b8aa2be3be1bdc1c81709cde3ad15a,145773,"codex, openclaw, gemini, hermes",chrome-extension; tools/ai_workbook; bot_a6; CURRENT_STATUS; handoff/tasks,high,Loaded into handoff pack unless missing; use live API/UI for external system facts.
A1,MAPLAB_A1_SYSTEM_ORCHESTRATOR_DYNAMIC_ROLE_MODULE,TASK_QUEUE.md,core governance,must_read,read,true,7735bfcdb9f2cc31f8938a4a16c9bdccded7be4647c17dc80e82887df00ddc39,5732,"codex, openclaw, gemini, hermes",chrome-extension; tools/ai_workbook; bot_a6; CURRENT_STATUS; handoff/tasks,high,Loaded into handoff pack unless missing; use live API/UI for external system facts.
A1,MAPLAB_A1_SYSTEM_ORCHESTRATOR_DYNAMIC_ROLE_MODULE,workbook/task_index.json,workbook artifact,must_read,read,true,a0a16a764e5db78fa40002dedccfafb5457b5e12d6eee37f9c2cdb14e9821be3,25422,"codex, openclaw, gemini, hermes",chrome-extension; tools/ai_workbook; bot_a6; CURRENT_STATUS; handoff/tasks,high,Loaded into handoff pack unless missing; use live API/UI for external system facts.
A1,MAPLAB_A1_SYSTEM_ORCHESTRATOR_DYNAMIC_ROLE_MODULE,AGENT_RECALL_PROMPTS.md,core governance,must_read,read,true,6af77fe389d20dac0079dfbf2954098d6c30d68c87fee4ae7c7cb8a1ad2f5722,81227,"codex, openclaw, gemini, hermes",chrome-extension; tools/ai_workbook; bot_a6; CURRENT_STATUS; handoff/tasks,high,Loaded into handoff pack unless missing; use live API/UI for external system facts.
A1,MAPLAB_A1_SYSTEM_ORCHESTRATOR_DYNAMIC_ROLE_MODULE,skills/superpowers-guide.md,skill / operating guide,must_read,read,true,8987b633b6f64545027e4744ec8ce3e8d85cf80127241dc79861dd5360407195,15373,"codex, openclaw, gemini, hermes",chrome-extension; tools/ai_workbook; bot_a6; CURRENT_STATUS; handoff/tasks,high,Loaded into handoff pack unless missing; use live API/UI for external system facts.
A1,MAPLAB_A1_SYSTEM_ORCHESTRATOR_DYNAMIC_ROLE_MODULE,skills/task-progress-guide.md,skill / operating guide,must_read,read,true,a0a8dce530f8b02cba8dba5cdd461d0c1e7a972373da867edebe06ec9b7b7eb5,10792,"codex, openclaw, gemini, hermes",chrome-extension; tools/ai_workbook; bot_a6; CURRENT_STATUS; handoff/tasks,high,Loaded into handoff pack unless missing; use live API/UI for external system facts.
A1,MAPLAB_A1_SYSTEM_ORCHESTRATOR_DYNAMIC_ROLE_MODULE,skills/session-lifecycle/SKILL.md,skill / operating guide,must_read,read,true,ba41f9ac9db25d3c3224a2ecd2e52cc74b989c8226bada767404034ec1eb76db,503,"codex, openclaw, gemini, hermes",chrome-extension; tools/ai_workbook; bot_a6; CURRENT_STATUS; handoff/tasks,high,Loaded into handoff pack unless missing; use live API/UI for external system facts.
A1,MAPLAB_A1_SYSTEM_ORCHESTRATOR_DYNAMIC_ROLE_MODULE,recalls/A1_recall.md,role recall prompt,must_read,read,true,93212f2890c4e5afbd95256b3771e376b75f32d0f173868ca072fbca205baea9,5404,"codex, openclaw, gemini, hermes",chrome-extension; tools/ai_workbook; bot_a6; CURRENT_STATUS; handoff/tasks,high,Loaded into handoff pack unless missing; use live API/UI for external system facts.
A1,MAPLAB_A1_SYSTEM_ORCHESTRATOR_DYNAMIC_ROLE_MODULE,projects/v6-architecture.md,project context,must_read,read,true,12db43ea56dd528330a2ef65a90b5ac791e0cfe8b5c8d82f41670db03e59ebf0,7226,"codex, openclaw, gemini, hermes",chrome-extension; tools/ai_workbook; bot_a6; CURRENT_STATUS; handoff/tasks,high,Loaded into handoff pack unless missing; use live API/UI for external system facts.
A1,MAPLAB_A1_SYSTEM_ORCHESTRATOR_DYNAMIC_ROLE_MODULE,docs/openclaw/README.md,governance or workflow document,must_read,read,true,653fb9f5b615b6b40156fbe345c63e592356cadd072086771a815867237a7092,763,"codex, openclaw, gemini, hermes",chrome-extension; tools/ai_workbook; bot_a6; CURRENT_STATUS; handoff/tasks,high,Loaded into handoff pack unless missing; use live API/UI for external system facts.
A1,MAPLAB_A1_SYSTEM_ORCHESTRATOR_DYNAMIC_ROLE_MODULE,docs/openclaw/closed-loop-playbook.md,governance or workflow document,must_read,read,true,396abe3373e68262890accce29f546d5d0f58bee0422d687eab49370f19ab37e,913,"codex, openclaw, gemini, hermes",chrome-extension; tools/ai_workbook; bot_a6; CURRENT_STATUS; handoff/tasks,high,Loaded into handoff pack unless missing; use live API/UI for external system facts.
A1,MAPLAB_A1_SYSTEM_ORCHESTRATOR_DYNAMIC_ROLE_MODULE,docs/openclaw/memory-governance.md,governance or workflow document,must_read,read,true,b56f5e71aa5140134e243c3dfd593fd74e2a3070a33310a37b7665b24310ce69,3627,"codex, openclaw, gemini, hermes",chrome-extension; tools/ai_workbook; bot_a6; CURRENT_STATUS; handoff/tasks,high,Loaded into handoff pack unless missing; use live API/UI for external system facts.
A1,MAPLAB_A1_SYSTEM_ORCHESTRATOR_DYNAMIC_ROLE_MODULE,projects/extension-browser-bridge.md,project context,must_read,read,true,5352c8fbe380e7399250b5b353f4ae89a6849fee4ed8eccb53b70adc600e941a,2587,"codex, openclaw, gemini, hermes",chrome-extension; tools/ai_workbook; bot_a6; CURRENT_STATUS; handoff/tasks,high,Loaded into handoff pack unless missing; use live API/UI for external system facts.
A1,MAPLAB_A1_SYSTEM_ORCHESTRATOR_DYNAMIC_ROLE_MODULE,skills/extension-agent-summon-guide.md,skill / operating guide,must_read,read,true,78e3e31639d9d2603f46516c28f80b415497c6c3b135e14a0f1954c680fd16be,7096,"codex, openclaw, gemini, hermes",chrome-extension; tools/ai_workbook; bot_a6; CURRENT_STATUS; handoff/tasks,high,Loaded into handoff pack unless missing; use live API/UI for external system facts.
A1,MAPLAB_A1_SYSTEM_ORCHESTRATOR_DYNAMIC_ROLE_MODULE,skills/extension-update,skill / operating guide,must_read,read,true,2a60a5fc1ebf14a1d20eace612cc44c62cd7b8603885524892203c2cc2a0cbbc,1439,"codex, openclaw, gemini, hermes",chrome-extension; tools/ai_workbook; bot_a6; CURRENT_STATUS; handoff/tasks,high,Loaded into handoff pack unless missing; use live API/UI for external system facts.
A1,MAPLAB_A1_SYSTEM_ORCHESTRATOR_DYNAMIC_ROLE_MODULE,skills/save-checkpoint/SKILL.md,skill / operating guide,must_read,read,true,74bfb9f6e8858813c8e93a7644ed5a05a3b9c239dae889aef0c604c02c278a57,2543,"codex, openclaw, gemini, hermes",chrome-extension; tools/ai_workbook; bot_a6; CURRENT_STATUS; handoff/tasks,high,Loaded into handoff pack unless missing; use live API/UI for external system facts.
A1,MAPLAB_A1_SYSTEM_ORCHESTRATOR_DYNAMIC_ROLE_MODULE,skills/first-principles-check/SKILL.md,skill / operating guide,must_read,read,true,aad60ebf94fcd8f19d4a9fb7898b1be3dcef458fbb349c40f08043a751053b40,11269,"codex, openclaw, gemini, hermes",chrome-extension; tools/ai_workbook; bot_a6; CURRENT_STATUS; handoff/tasks,high,Loaded into handoff pack unless missing; use live API/UI for external system facts.
A1,MAPLAB_A1_SYSTEM_ORCHESTRATOR_DYNAMIC_ROLE_MODULE,skills/pitfalls/SKILL.md,skill / operating guide,must_read,read,true,366b6d416f48f2ebc0138b357315cef43aba2947e1bc8f1c74be1852a831a105,13823,"codex, openclaw, gemini, hermes",chrome-extension; tools/ai_workbook; bot_a6; CURRENT_STATUS; handoff/tasks,high,Loaded into handoff pack unless missing; use live API/UI for external system facts.
A1,MAPLAB_A1_SYSTEM_ORCHESTRATOR_DYNAMIC_ROLE_MODULE,skills/github-api-workflow-guide.md,skill / operating guide,must_read,read,true,13a78f918526d67491228d5c186f30c0c450a5488b3c9acf418924894abef8cc,2020,"codex, openclaw, gemini, hermes",chrome-extension; tools/ai_workbook; bot_a6; CURRENT_STATUS; handoff/tasks,high,Loaded into handoff pack unless missing; use live API/UI for external system facts.
A1,MAPLAB_A1_SYSTEM_ORCHESTRATOR_DYNAMIC_ROLE_MODULE,docs/openclaw/output-contract.md,governance or workflow document,must_read,read,true,368fad433ad22bf1f4fbeef3ef05d4baa179d4f9a93eff8f44639a4d430d03ba,1700,"codex, openclaw, gemini, hermes",chrome-extension; tools/ai_workbook; bot_a6; CURRENT_STATUS; handoff/tasks,high,Loaded into handoff pack unless missing; use live API/UI for external system facts.
A1,MAPLAB_A1_SYSTEM_ORCHESTRATOR_DYNAMIC_ROLE_MODULE,docs/openclaw/relation-graph.md,governance or workflow document,must_read,read,true,616551a8eb75ef2f74175902bdc6e13bd0af0d68409ca0ad6e70f5d0574bc197,1211,"codex, openclaw, gemini, hermes",chrome-extension; tools/ai_workbook; bot_a6; CURRENT_STATUS; handoff/tasks,high,Loaded into handoff pack unless missing; use live API/UI for external system facts.
A1,MAPLAB_A1_SYSTEM_ORCHESTRATOR_DYNAMIC_ROLE_MODULE,docs/openclaw/security-boundaries.md,governance or workflow document,must_read,read,true,b4426628c0f5ee1359f9c90fe1fc306321523f1d928fcf26db9c4ad95db63131,661,"codex, openclaw, gemini, hermes",chrome-extension; tools/ai_workbook; bot_a6; CURRENT_STATUS; handoff/tasks,high,Loaded into handoff pack unless missing; use live API/UI for external system facts.
A1,MAPLAB_A1_SYSTEM_ORCHESTRATOR_DYNAMIC_ROLE_MODULE,workbook/reviews/README.md,workbook artifact,must_read,read,true,91c65b9321e7f66e9ae0299d9f6832c3e01c8e8e6ef1c54daa3bc7f358691add,698,"codex, openclaw, gemini, hermes",chrome-extension; tools/ai_workbook; bot_a6; CURRENT_STATUS; handoff/tasks,high,Loaded into handoff pack unless missing; use live API/UI for external system facts.
A2,MAPLAB_A2_ADS_SEO_WORDPRESS_PATROL_DYNAMIC_ROLE_MODULE,CURRENT_STATUS.md,core governance,must_read,read,true,e586343ebb6e8363040aa5b16e74ab00158de395be06b9a18aff4afcc0154681,182890,"gemini, codex, openclaw, hermes",WordPress pages/posts; Rank Math metadata; Google Ads / Meta Ads read-only review; A3 ad landing pages; A4 asset needs; Google indexing workflow; Investment OS-style evidence discipline,high,Loaded into handoff pack unless missing; use live API/UI for external system facts.
A2,MAPLAB_A2_ADS_SEO_WORDPRESS_PATROL_DYNAMIC_ROLE_MODULE,AGENT_RULES.md,core governance,must_read,read,true,0e6152ddc7702ba02467da5dc63168c35ff0b6dfa911c6c91dbc0ae28bd86afb,68367,"gemini, codex, openclaw, hermes",WordPress pages/posts; Rank Math metadata; Google Ads / Meta Ads read-only review; A3 ad landing pages; A4 asset needs; Google indexing workflow; Investment OS-style evidence discipline,high,Loaded into handoff pack unless missing; use live API/UI for external system facts.
A2,MAPLAB_A2_ADS_SEO_WORDPRESS_PATROL_DYNAMIC_ROLE_MODULE,AGENT_STARTUP_PROTOCOL.md,core governance,must_read,read,true,bd8a0c28c16199c490b1e70395615801bb78442d2a1fce7c8e3f4de6ee7f8629,15026,"gemini, codex, openclaw, hermes",WordPress pages/posts; Rank Math metadata; Google Ads / Meta Ads read-only review; A3 ad landing pages; A4 asset needs; Google indexing workflow; Investment OS-style evidence discipline,high,Loaded into handoff pack unless missing; use live API/UI for external system facts.
A2,MAPLAB_A2_ADS_SEO_WORDPRESS_PATROL_DYNAMIC_ROLE_MODULE,pitfalls.md,core governance,must_read,read,true,947a3dcb898e36bbcb411a3f144f559d28b8aa2be3be1bdc1c81709cde3ad15a,145773,"gemini, codex, openclaw, hermes",WordPress pages/posts; Rank Math metadata; Google Ads / Meta Ads read-only review; A3 ad landing pages; A4 asset needs; Google indexing workflow; Investment OS-style evidence discipline,high,Loaded into handoff pack unless missing; use live API/UI for external system facts.
A2,MAPLAB_A2_ADS_SEO_WORDPRESS_PATROL_DYNAMIC_ROLE_MODULE,TASK_QUEUE.md,core governance,must_read,read,true,7735bfcdb9f2cc31f8938a4a16c9bdccded7be4647c17dc80e82887df00ddc39,5732,"gemini, codex, openclaw, hermes",WordPress pages/posts; Rank Math metadata; Google Ads / Meta Ads read-only review; A3 ad landing pages; A4 asset needs; Google indexing workflow; Investment OS-style evidence discipline,high,Loaded into handoff pack unless missing; use live API/UI for external system facts.
A2,MAPLAB_A2_ADS_SEO_WORDPRESS_PATROL_DYNAMIC_ROLE_MODULE,workbook/task_index.json,workbook artifact,must_read,read,true,a0a16a764e5db78fa40002dedccfafb5457b5e12d6eee37f9c2cdb14e9821be3,25422,"gemini, codex, openclaw, hermes",WordPress pages/posts; Rank Math metadata; Google Ads / Meta Ads read-only review; A3 ad landing pages; A4 asset needs; Google indexing workflow; Investment OS-style evidence discipline,high,Loaded into handoff pack unless missing; use live API/UI for external system facts.
A2,MAPLAB_A2_ADS_SEO_WORDPRESS_PATROL_DYNAMIC_ROLE_MODULE,AGENT_RECALL_PROMPTS.md,core governance,must_read,read,true,6af77fe389d20dac0079dfbf2954098d6c30d68c87fee4ae7c7cb8a1ad2f5722,81227,"gemini, codex, openclaw, hermes",WordPress pages/posts; Rank Math metadata; Google Ads / Meta Ads read-only review; A3 ad landing pages; A4 asset needs; Google indexing workflow; Investment OS-style evidence discipline,high,Loaded into handoff pack unless missing; use live API/UI for external system facts.
A2,MAPLAB_A2_ADS_SEO_WORDPRESS_PATROL_DYNAMIC_ROLE_MODULE,skills/superpowers-guide.md,skill / operating guide,must_read,read,true,8987b633b6f64545027e4744ec8ce3e8d85cf80127241dc79861dd5360407195,15373,"gemini, codex, openclaw, hermes",WordPress pages/posts; Rank Math metadata; Google Ads / Meta Ads read-only review; A3 ad landing pages; A4 asset needs; Google indexing workflow; Investment OS-style evidence discipline,high,Loaded into handoff pack unless missing; use live API/UI for external system facts.
A2,MAPLAB_A2_ADS_SEO_WORDPRESS_PATROL_DYNAMIC_ROLE_MODULE,skills/task-progress-guide.md,skill / operating guide,must_read,read,true,a0a8dce530f8b02cba8dba5cdd461d0c1e7a972373da867edebe06ec9b7b7eb5,10792,"gemini, codex, openclaw, hermes",WordPress pages/posts; Rank Math metadata; Google Ads / Meta Ads read-only review; A3 ad landing pages; A4 asset needs; Google indexing workflow; Investment OS-style evidence discipline,high,Loaded into handoff pack unless missing; use live API/UI for external system facts.
A2,MAPLAB_A2_ADS_SEO_WORDPRESS_PATROL_DYNAMIC_ROLE_MODULE,skills/session-lifecycle/SKILL.md,skill / operating guide,must_read,read,true,ba41f9ac9db25d3c3224a2ecd2e52cc74b989c8226bada767404034ec1eb76db,503,"gemini, codex, openclaw, hermes",WordPress pages/posts; Rank Math metadata; Google Ads / Meta Ads read-only review; A3 ad landing pages; A4 asset needs; Google indexing workflow; Investment OS-style evidence discipline,high,Loaded into handoff pack unless missing; use live API/UI for external system facts.
A2,MAPLAB_A2_ADS_SEO_WORDPRESS_PATROL_DYNAMIC_ROLE_MODULE,recalls/A2_recall.md,role recall prompt,must_read,read,true,08cbb5696760fc11cc50d75f4cb4dfa0d40a335d7ca16243df6b9e3c5ee1fb13,11993,"gemini, codex, openclaw, hermes",WordPress pages/posts; Rank Math metadata; Google Ads / Meta Ads read-only review; A3 ad landing pages; A4 asset needs; Google indexing workflow; Investment OS-style evidence discipline,high,Loaded into handoff pack unless missing; use live API/UI for external system facts.
A2,MAPLAB_A2_ADS_SEO_WORDPRESS_PATROL_DYNAMIC_ROLE_MODULE,projects/a2-ads-seo-wordpress-patrol.md,project context,must_read,read,true,0930508f96b3f26c9e31a9562b635ff76d613aa53670b91477e0172d95c27d2d,3804,"gemini, codex, openclaw, hermes",WordPress pages/posts; Rank Math metadata; Google Ads / Meta Ads read-only review; A3 ad landing pages; A4 asset needs; Google indexing workflow; Investment OS-style evidence discipline,high,Loaded into handoff pack unless missing; use live API/UI for external system facts.
A2,MAPLAB_A2_ADS_SEO_WORDPRESS_PATROL_DYNAMIC_ROLE_MODULE,projects/seo-ads-agent.md,project context,must_read,read,true,60bea580f0ae4e86fc1c173125ba47650ebd908873293edf537744cf7f442b3b,35038,"gemini, codex, openclaw, hermes",WordPress pages/posts; Rank Math metadata; Google Ads / Meta Ads read-only review; A3 ad landing pages; A4 asset needs; Google indexing workflow; Investment OS-style evidence discipline,high,Loaded into handoff pack unless missing; use live API/UI for external system facts.
A2,MAPLAB_A2_ADS_SEO_WORDPRESS_PATROL_DYNAMIC_ROLE_MODULE,handoff/tasks/T-A2-006-ads-seo-wordpress-patrol.md,handoff or task card,must_read,read,true,d5f465c6bb400f734d80c0343d850ce40c737659cf66966911f412a67559fe2b,11268,"gemini, codex, openclaw, hermes",WordPress pages/posts; Rank Math metadata; Google Ads / Meta Ads read-only review; A3 ad landing pages; A4 asset needs; Google indexing workflow; Investment OS-style evidence discipline,high,Loaded into handoff pack unless missing; use live API/UI for external system facts.
A2,MAPLAB_A2_ADS_SEO_WORDPRESS_PATROL_DYNAMIC_ROLE_MODULE,docs/a2a3/README.md,governance or workflow document,must_read,read,true,68ecdaa544014d1dfd1214bbf10e64b2cd8687c2a8a81c4dafc22988fc071f15,3610,"gemini, codex, openclaw, hermes",WordPress pages/posts; Rank Math metadata; Google Ads / Meta Ads read-only review; A3 ad landing pages; A4 asset needs; Google indexing workflow; Investment OS-style evidence discipline,high,Loaded into handoff pack unless missing; use live API/UI for external system facts.
A2,MAPLAB_A2_ADS_SEO_WORDPRESS_PATROL_DYNAMIC_ROLE_MODULE,docs/a2a3/live-wp-rankmath-fact-check-2026-05-11.md,governance or workflow document,must_read,read,true,e5c2f179cfe3e8add7412e82de9a412d50e15e443c59113764de5b624bb58dce,9455,"gemini, codex, openclaw, hermes",WordPress pages/posts; Rank Math metadata; Google Ads / Meta Ads read-only review; A3 ad landing pages; A4 asset needs; Google indexing workflow; Investment OS-style evidence discipline,high,Loaded into handoff pack unless missing; use live API/UI for external system facts.
A2,MAPLAB_A2_ADS_SEO_WORDPRESS_PATROL_DYNAMIC_ROLE_MODULE,docs/a2a3/rankmath-keyword-recovery-2026-05-11.md,governance or workflow document,must_read,read,true,4969c7b228cb6bb273014123f414fb4ac24d73e4231501df2ffde50ffa68398d,4855,"gemini, codex, openclaw, hermes",WordPress pages/posts; Rank Math metadata; Google Ads / Meta Ads read-only review; A3 ad landing pages; A4 asset needs; Google indexing workflow; Investment OS-style evidence discipline,high,Loaded into handoff pack unless missing; use live API/UI for external system facts.
A2,MAPLAB_A2_ADS_SEO_WORDPRESS_PATROL_DYNAMIC_ROLE_MODULE,docs/a2a3/live-wordpress-audit.md,governance or workflow document,must_read,read,true,e533fd07ab592d975898fb5d9979dae3b90d0d0d41dae97f9715a452ed087ed5,4824,"gemini, codex, openclaw, hermes",WordPress pages/posts; Rank Math metadata; Google Ads / Meta Ads read-only review; A3 ad landing pages; A4 asset needs; Google indexing workflow; Investment OS-style evidence discipline,high,Loaded into handoff pack unless missing; use live API/UI for external system facts.
A2,MAPLAB_A2_ADS_SEO_WORDPRESS_PATROL_DYNAMIC_ROLE_MODULE,automation/seo_factory/README.md,code surface,must_read,read,true,3a56d15c7c35f69548e786f69f4c37a0c5cad329ccaaaf67e9d9e11f860051d1,2805,"gemini, codex, openclaw, hermes",WordPress pages/posts; Rank Math metadata; Google Ads / Meta Ads read-only review; A3 ad landing pages; A4 asset needs; Google indexing workflow; Investment OS-style evidence discipline,high,Loaded into handoff pack unless missing; use live API/UI for external system facts.
A2,MAPLAB_A2_ADS_SEO_WORDPRESS_PATROL_DYNAMIC_ROLE_MODULE,automation/seo_factory/config/strategy_matrix_rules.json,code surface,must_read,read,true,43c919a2df73e5bac0cd4598c7a2f7bae2b896be6b99537fc65f3b4095c8e210,1366,"gemini, codex, openclaw, hermes",WordPress pages/posts; Rank Math metadata; Google Ads / Meta Ads read-only review; A3 ad landing pages; A4 asset needs; Google indexing workflow; Investment OS-style evidence discipline,high,Loaded into handoff pack unless missing; use live API/UI for external system facts.
A2,MAPLAB_A2_ADS_SEO_WORDPRESS_PATROL_DYNAMIC_ROLE_MODULE,automation/seo_factory/config/link_policy.json,code surface,must_read,read,true,018a7c0190f26a7d1e17904a7f08a2f35e5fa278f4aca960a6265819353b0d61,759,"gemini, codex, openclaw, hermes",WordPress pages/posts; Rank Math metadata; Google Ads / Meta Ads read-only review; A3 ad landing pages; A4 asset needs; Google indexing workflow; Investment OS-style evidence discipline,high,Loaded into handoff pack unless missing; use live API/UI for external system facts.
A2,MAPLAB_A2_ADS_SEO_WORDPRESS_PATROL_DYNAMIC_ROLE_MODULE,skills/seo-session-checklist.md,skill / operating guide,must_read,read,true,794e3a4c87c594191b98dde847fe8d7d177a9c530861a5c1a3a766b782abff2d,6471,"gemini, codex, openclaw, hermes",WordPress pages/posts; Rank Math metadata; Google Ads / Meta Ads read-only review; A3 ad landing pages; A4 asset needs; Google indexing workflow; Investment OS-style evidence discipline,high,Loaded into handoff pack unless missing; use live API/UI for external system facts.
A2,MAPLAB_A2_ADS_SEO_WORDPRESS_PATROL_DYNAMIC_ROLE_MODULE,skills/seo-ranking-evaluation-guide.md,skill / operating guide,must_read,read,true,d767b1aa6937465e3b5efdc86c2cde395f33d17e4f4cb57da77072166b6535e4,6300,"gemini, codex, openclaw, hermes",WordPress pages/posts; Rank Math metadata; Google Ads / Meta Ads read-only review; A3 ad landing pages; A4 asset needs; Google indexing workflow; Investment OS-style evidence discipline,high,Loaded into handoff pack unless missing; use live API/UI for external system facts.
A2,MAPLAB_A2_ADS_SEO_WORDPRESS_PATROL_DYNAMIC_ROLE_MODULE,skills/page-checker.md,skill / operating guide,must_read,read,true,7717b36651ddc25e2c329410dd842c96061cf0886966bec1b65a6cec7c01f557,1578,"gemini, codex, openclaw, hermes",WordPress pages/posts; Rank Math metadata; Google Ads / Meta Ads read-only review; A3 ad landing pages; A4 asset needs; Google indexing workflow; Investment OS-style evidence discipline,high,Loaded into handoff pack unless missing; use live API/UI for external system facts.
A2,MAPLAB_A2_ADS_SEO_WORDPRESS_PATROL_DYNAMIC_ROLE_MODULE,skills/wp-content-audit/SKILL.md,skill / operating guide,must_read,read,true,c9012c2c9da19404b883ef73b2377f1d9138a13879bf4c25f0303f88b24ff0f7,1780,"gemini, codex, openclaw, hermes",WordPress pages/posts; Rank Math metadata; Google Ads / Meta Ads read-only review; A3 ad landing pages; A4 asset needs; Google indexing workflow; Investment OS-style evidence discipline,high,Loaded into handoff pack unless missing; use live API/UI for external system facts.
A2,MAPLAB_A2_ADS_SEO_WORDPRESS_PATROL_DYNAMIC_ROLE_MODULE,skills/brand-voice-guide.md,skill / operating guide,must_read,read,true,1d84f5057ccb65d4a524b1f00c903c3c39c704b19d375ce7b47708de18211141,11043,"gemini, codex, openclaw, hermes",WordPress pages/posts; Rank Math metadata; Google Ads / Meta Ads read-only review; A3 ad landing pages; A4 asset needs; Google indexing workflow; Investment OS-style evidence discipline,high,Loaded into handoff pack unless missing; use live API/UI for external system facts.
A2,MAPLAB_A2_ADS_SEO_WORDPRESS_PATROL_DYNAMIC_ROLE_MODULE,skills/maplab-visual-spec.md,skill / operating guide,must_read,read,true,1b31aa9ad1aad14011adc90e7f5e675a926df5be7ccbe9f83f1df46dd8eac13e,15171,"gemini, codex, openclaw, hermes",WordPress pages/posts; Rank Math metadata; Google Ads / Meta Ads read-only review; A3 ad landing pages; A4 asset needs; Google indexing workflow; Investment OS-style evidence discipline,high,Loaded into handoff pack unless missing; use live API/UI for external system facts.
A2,MAPLAB_A2_ADS_SEO_WORDPRESS_PATROL_DYNAMIC_ROLE_MODULE,skills/gdrive-to-wordpress-upload-guide.md,skill / operating guide,must_read,read,true,5206fd9f6f2831ab619b0d06fa236844cf31087abe4444b4d15885381e157e89,7656,"gemini, codex, openclaw, hermes",WordPress pages/posts; Rank Math metadata; Google Ads / Meta Ads read-only review; A3 ad landing pages; A4 asset needs; Google indexing workflow; Investment OS-style evidence discipline,high,Loaded into handoff pack unless missing; use live API/UI for external system facts.
A2,MAPLAB_A2_ADS_SEO_WORDPRESS_PATROL_DYNAMIC_ROLE_MODULE,docs/openclaw/output-contract.md,governance or workflow document,must_read,read,true,368fad433ad22bf1f4fbeef3ef05d4baa179d4f9a93eff8f44639a4d430d03ba,1700,"gemini, codex, openclaw, hermes",WordPress pages/posts; Rank Math metadata; Google Ads / Meta Ads read-only review; A3 ad landing pages; A4 asset needs; Google indexing workflow; Investment OS-style evidence discipline,high,Loaded into handoff pack unless missing; use live API/UI for external system facts.
A2,MAPLAB_A2_ADS_SEO_WORDPRESS_PATROL_DYNAMIC_ROLE_MODULE,docs/openclaw/relation-graph.md,governance or workflow document,must_read,read,true,616551a8eb75ef2f74175902bdc6e13bd0af0d68409ca0ad6e70f5d0574bc197,1211,"gemini, codex, openclaw, hermes",WordPress pages/posts; Rank Math metadata; Google Ads / Meta Ads read-only review; A3 ad landing pages; A4 asset needs; Google indexing workflow; Investment OS-style evidence discipline,high,Loaded into handoff pack unless missing; use live API/UI for external system facts.
A2,MAPLAB_A2_ADS_SEO_WORDPRESS_PATROL_DYNAMIC_ROLE_MODULE,docs/openclaw/security-boundaries.md,governance or workflow document,must_read,read,true,b4426628c0f5ee1359f9c90fe1fc306321523f1d928fcf26db9c4ad95db63131,661,"gemini, codex, openclaw, hermes",WordPress pages/posts; Rank Math metadata; Google Ads / Meta Ads read-only review; A3 ad landing pages; A4 asset needs; Google indexing workflow; Investment OS-style evidence discipline,high,Loaded into handoff pack unless missing; use live API/UI for external system facts.
A2,MAPLAB_A2_ADS_SEO_WORDPRESS_PATROL_DYNAMIC_ROLE_MODULE,workbook/reviews/README.md,workbook artifact,must_read,read,true,91c65b9321e7f66e9ae0299d9f6832c3e01c8e8e6ef1c54daa3bc7f358691add,698,"gemini, codex, openclaw, hermes",WordPress pages/posts; Rank Math metadata; Google Ads / Meta Ads read-only review; A3 ad landing pages; A4 asset needs; Google indexing workflow; Investment OS-style evidence discipline,high,Loaded into handoff pack unless missing; use live API/UI for external system facts.
A2,MAPLAB_A2_ADS_SEO_WORDPRESS_PATROL_DYNAMIC_ROLE_MODULE,skills/credentials/wordpress-api.md,skill / operating guide,restricted_reference,a1_only,true,c7b742be0f2d0858e52df0c0a3122cd3d3caf7ced433497d5f4b99ab02bc0807,1772,"gemini, codex, openclaw, hermes",WordPress pages/posts; Rank Math metadata; Google Ads / Meta Ads read-only review; A3 ad landing pages; A4 asset needs; Google indexing workflow; Investment OS-style evidence discipline,high,Do not paste credential/secrets docs into Gemini/OpenClaw prompts; A1-only lookup when approved.
A2,MAPLAB_A2_ADS_SEO_WORDPRESS_PATROL_DYNAMIC_ROLE_MODULE,skills/credentials/google-search-console-api.md,skill / operating guide,restricted_reference,a1_only,true,deac3a0fa43ec3ad5d15392ec32751828d0f39d475ed49bff5a331c587c598db,1721,"gemini, codex, openclaw, hermes",WordPress pages/posts; Rank Math metadata; Google Ads / Meta Ads read-only review; A3 ad landing pages; A4 asset needs; Google indexing workflow; Investment OS-style evidence discipline,high,Do not paste credential/secrets docs into Gemini/OpenClaw prompts; A1-only lookup when approved.
A3,MAPLAB_A3_ADS_GROWTH_STUDIO_DYNAMIC_ROLE_MODULE,CURRENT_STATUS.md,core governance,must_read,read,true,e586343ebb6e8363040aa5b16e74ab00158de395be06b9a18aff4afcc0154681,182890,"gemini, codex, openclaw, hermes",A2 landing pages; Meta Ads; Google Ads; GTM/Pixel; A4 creative asset selection,high,Loaded into handoff pack unless missing; use live API/UI for external system facts.
A3,MAPLAB_A3_ADS_GROWTH_STUDIO_DYNAMIC_ROLE_MODULE,AGENT_RULES.md,core governance,must_read,read,true,0e6152ddc7702ba02467da5dc63168c35ff0b6dfa911c6c91dbc0ae28bd86afb,68367,"gemini, codex, openclaw, hermes",A2 landing pages; Meta Ads; Google Ads; GTM/Pixel; A4 creative asset selection,high,Loaded into handoff pack unless missing; use live API/UI for external system facts.
A3,MAPLAB_A3_ADS_GROWTH_STUDIO_DYNAMIC_ROLE_MODULE,AGENT_STARTUP_PROTOCOL.md,core governance,must_read,read,true,bd8a0c28c16199c490b1e70395615801bb78442d2a1fce7c8e3f4de6ee7f8629,15026,"gemini, codex, openclaw, hermes",A2 landing pages; Meta Ads; Google Ads; GTM/Pixel; A4 creative asset selection,high,Loaded into handoff pack unless missing; use live API/UI for external system facts.
A3,MAPLAB_A3_ADS_GROWTH_STUDIO_DYNAMIC_ROLE_MODULE,pitfalls.md,core governance,must_read,read,true,947a3dcb898e36bbcb411a3f144f559d28b8aa2be3be1bdc1c81709cde3ad15a,145773,"gemini, codex, openclaw, hermes",A2 landing pages; Meta Ads; Google Ads; GTM/Pixel; A4 creative asset selection,high,Loaded into handoff pack unless missing; use live API/UI for external system facts.
A3,MAPLAB_A3_ADS_GROWTH_STUDIO_DYNAMIC_ROLE_MODULE,TASK_QUEUE.md,core governance,must_read,read,true,7735bfcdb9f2cc31f8938a4a16c9bdccded7be4647c17dc80e82887df00ddc39,5732,"gemini, codex, openclaw, hermes",A2 landing pages; Meta Ads; Google Ads; GTM/Pixel; A4 creative asset selection,high,Loaded into handoff pack unless missing; use live API/UI for external system facts.
A3,MAPLAB_A3_ADS_GROWTH_STUDIO_DYNAMIC_ROLE_MODULE,workbook/task_index.json,workbook artifact,must_read,read,true,a0a16a764e5db78fa40002dedccfafb5457b5e12d6eee37f9c2cdb14e9821be3,25422,"gemini, codex, openclaw, hermes",A2 landing pages; Meta Ads; Google Ads; GTM/Pixel; A4 creative asset selection,high,Loaded into handoff pack unless missing; use live API/UI for external system facts.
A3,MAPLAB_A3_ADS_GROWTH_STUDIO_DYNAMIC_ROLE_MODULE,AGENT_RECALL_PROMPTS.md,core governance,must_read,read,true,6af77fe389d20dac0079dfbf2954098d6c30d68c87fee4ae7c7cb8a1ad2f5722,81227,"gemini, codex, openclaw, hermes",A2 landing pages; Meta Ads; Google Ads; GTM/Pixel; A4 creative asset selection,high,Loaded into handoff pack unless missing; use live API/UI for external system facts.
A3,MAPLAB_A3_ADS_GROWTH_STUDIO_DYNAMIC_ROLE_MODULE,skills/superpowers-guide.md,skill / operating guide,must_read,read,true,8987b633b6f64545027e4744ec8ce3e8d85cf80127241dc79861dd5360407195,15373,"gemini, codex, openclaw, hermes",A2 landing pages; Meta Ads; Google Ads; GTM/Pixel; A4 creative asset selection,high,Loaded into handoff pack unless missing; use live API/UI for external system facts.
A3,MAPLAB_A3_ADS_GROWTH_STUDIO_DYNAMIC_ROLE_MODULE,skills/task-progress-guide.md,skill / operating guide,must_read,read,true,a0a8dce530f8b02cba8dba5cdd461d0c1e7a972373da867edebe06ec9b7b7eb5,10792,"gemini, codex, openclaw, hermes",A2 landing pages; Meta Ads; Google Ads; GTM/Pixel; A4 creative asset selection,high,Loaded into handoff pack unless missing; use live API/UI for external system facts.
A3,MAPLAB_A3_ADS_GROWTH_STUDIO_DYNAMIC_ROLE_MODULE,skills/session-lifecycle/SKILL.md,skill / operating guide,must_read,read,true,ba41f9ac9db25d3c3224a2ecd2e52cc74b989c8226bada767404034ec1eb76db,503,"gemini, codex, openclaw, hermes",A2 landing pages; Meta Ads; Google Ads; GTM/Pixel; A4 creative asset selection,high,Loaded into handoff pack unless missing; use live API/UI for external system facts.
A3,MAPLAB_A3_ADS_GROWTH_STUDIO_DYNAMIC_ROLE_MODULE,recalls/A3_recall.md,role recall prompt,must_read,read,true,8a394cffeb13b4768a16c0aa222975562f68d7b71294d1a0b09ef72185f41f88,2161,"gemini, codex, openclaw, hermes",A2 landing pages; Meta Ads; Google Ads; GTM/Pixel; A4 creative asset selection,high,Loaded into handoff pack unless missing; use live API/UI for external system facts.
A3,MAPLAB_A3_ADS_GROWTH_STUDIO_DYNAMIC_ROLE_MODULE,projects/maplab-ads-monitor.md,project context,must_read,read,true,a89c5b6cfe44b74082bfcdf3a764abab4937c0a0688d8bbcad2591e121b73702,4457,"gemini, codex, openclaw, hermes",A2 landing pages; Meta Ads; Google Ads; GTM/Pixel; A4 creative asset selection,high,Loaded into handoff pack unless missing; use live API/UI for external system facts.
A3,MAPLAB_A3_ADS_GROWTH_STUDIO_DYNAMIC_ROLE_MODULE,projects/seo-ads-agent.md,project context,must_read,read,true,60bea580f0ae4e86fc1c173125ba47650ebd908873293edf537744cf7f442b3b,35038,"gemini, codex, openclaw, hermes",A2 landing pages; Meta Ads; Google Ads; GTM/Pixel; A4 creative asset selection,high,Loaded into handoff pack unless missing; use live API/UI for external system facts.
A3,MAPLAB_A3_ADS_GROWTH_STUDIO_DYNAMIC_ROLE_MODULE,docs/a2a3/tracking-pack.md,governance or workflow document,must_read,read,true,8d3a90b0d25b1a49b6baa73303583193a5e24943b984d3f3637d1b34bb2a7918,1372,"gemini, codex, openclaw, hermes",A2 landing pages; Meta Ads; Google Ads; GTM/Pixel; A4 creative asset selection,high,Loaded into handoff pack unless missing; use live API/UI for external system facts.
A3,MAPLAB_A3_ADS_GROWTH_STUDIO_DYNAMIC_ROLE_MODULE,docs/a2a3/b2b-5x5-matrix.md,governance or workflow document,must_read,read,true,a3f497880f9ca05d6174bd67e7650fef9eb1dfda19d2671f4dfa42b9294d9c15,5130,"gemini, codex, openclaw, hermes",A2 landing pages; Meta Ads; Google Ads; GTM/Pixel; A4 creative asset selection,high,Loaded into handoff pack unless missing; use live API/UI for external system facts.
A3,MAPLAB_A3_ADS_GROWTH_STUDIO_DYNAMIC_ROLE_MODULE,docs/a2a3/b2b-crosswalk.md,governance or workflow document,must_read,read,true,df93259a4f5631d2566493bf434b443318e8f8ebf8f26337b73ad92c6d04d0f5,4442,"gemini, codex, openclaw, hermes",A2 landing pages; Meta Ads; Google Ads; GTM/Pixel; A4 creative asset selection,high,Loaded into handoff pack unless missing; use live API/UI for external system facts.
A3,MAPLAB_A3_ADS_GROWTH_STUDIO_DYNAMIC_ROLE_MODULE,skills/a3-social-ads-skills.md,skill / operating guide,must_read,read,true,a8e17d3db7e8b735c411f4fc1f8536d40e3844afda85e3b94cd2dc84c91dd7a0,2452,"gemini, codex, openclaw, hermes",A2 landing pages; Meta Ads; Google Ads; GTM/Pixel; A4 creative asset selection,high,Loaded into handoff pack unless missing; use live API/UI for external system facts.
A3,MAPLAB_A3_ADS_GROWTH_STUDIO_DYNAMIC_ROLE_MODULE,skills/brand-voice-guide.md,skill / operating guide,must_read,read,true,1d84f5057ccb65d4a524b1f00c903c3c39c704b19d375ce7b47708de18211141,11043,"gemini, codex, openclaw, hermes",A2 landing pages; Meta Ads; Google Ads; GTM/Pixel; A4 creative asset selection,high,Loaded into handoff pack unless missing; use live API/UI for external system facts.
A3,MAPLAB_A3_ADS_GROWTH_STUDIO_DYNAMIC_ROLE_MODULE,skills/sheets-tracking-guide.md,skill / operating guide,must_read,read,true,9db9bd0b61db634a92bbf45915196e3f6b64e844b1181333594be02a90bd2fc2,2181,"gemini, codex, openclaw, hermes",A2 landing pages; Meta Ads; Google Ads; GTM/Pixel; A4 creative asset selection,high,Loaded into handoff pack unless missing; use live API/UI for external system facts.
A3,MAPLAB_A3_ADS_GROWTH_STUDIO_DYNAMIC_ROLE_MODULE,skills/verification-checklist-guide.md,skill / operating guide,must_read,read,true,f819a1875dfb479ab442575f7ec261a8a8da858e6d7e15c5d250b8350732a4ed,1845,"gemini, codex, openclaw, hermes",A2 landing pages; Meta Ads; Google Ads; GTM/Pixel; A4 creative asset selection,high,Loaded into handoff pack unless missing; use live API/UI for external system facts.
A3,MAPLAB_A3_ADS_GROWTH_STUDIO_DYNAMIC_ROLE_MODULE,docs/openclaw/output-contract.md,governance or workflow document,must_read,read,true,368fad433ad22bf1f4fbeef3ef05d4baa179d4f9a93eff8f44639a4d430d03ba,1700,"gemini, codex, openclaw, hermes",A2 landing pages; Meta Ads; Google Ads; GTM/Pixel; A4 creative asset selection,high,Loaded into handoff pack unless missing; use live API/UI for external system facts.
A3,MAPLAB_A3_ADS_GROWTH_STUDIO_DYNAMIC_ROLE_MODULE,docs/openclaw/relation-graph.md,governance or workflow document,must_read,read,true,616551a8eb75ef2f74175902bdc6e13bd0af0d68409ca0ad6e70f5d0574bc197,1211,"gemini, codex, openclaw, hermes",A2 landing pages; Meta Ads; Google Ads; GTM/Pixel; A4 creative asset selection,high,Loaded into handoff pack unless missing; use live API/UI for external system facts.
A3,MAPLAB_A3_ADS_GROWTH_STUDIO_DYNAMIC_ROLE_MODULE,docs/openclaw/security-boundaries.md,governance or workflow document,must_read,read,true,b4426628c0f5ee1359f9c90fe1fc306321523f1d928fcf26db9c4ad95db63131,661,"gemini, codex, openclaw, hermes",A2 landing pages; Meta Ads; Google Ads; GTM/Pixel; A4 creative asset selection,high,Loaded into handoff pack unless missing; use live API/UI for external system facts.
A3,MAPLAB_A3_ADS_GROWTH_STUDIO_DYNAMIC_ROLE_MODULE,workbook/reviews/README.md,workbook artifact,must_read,read,true,91c65b9321e7f66e9ae0299d9f6832c3e01c8e8e6ef1c54daa3bc7f358691add,698,"gemini, codex, openclaw, hermes",A2 landing pages; Meta Ads; Google Ads; GTM/Pixel; A4 creative asset selection,high,Loaded into handoff pack unless missing; use live API/UI for external system facts.
A3,MAPLAB_A3_ADS_GROWTH_STUDIO_DYNAMIC_ROLE_MODULE,skills/credentials/meta-ads-api.md,skill / operating guide,restricted_reference,a1_only,true,cf0e13935dd2791a4e91744cb6fdef7aa45536123b240df6ebc09004d1c6acbf,1908,"gemini, codex, openclaw, hermes",A2 landing pages; Meta Ads; Google Ads; GTM/Pixel; A4 creative asset selection,high,Do not paste credential/secrets docs into Gemini/OpenClaw prompts; A1-only lookup when approved.
A3,MAPLAB_A3_ADS_GROWTH_STUDIO_DYNAMIC_ROLE_MODULE,skills/credentials/google-ads-api.md,skill / operating guide,restricted_reference,a1_only,true,322af8cafefc0b03118ba9c8ca8658b6d6a84c8416694b0fa9fbda28bbc6649e,6835,"gemini, codex, openclaw, hermes",A2 landing pages; Meta Ads; Google Ads; GTM/Pixel; A4 creative asset selection,high,Do not paste credential/secrets docs into Gemini/OpenClaw prompts; A1-only lookup when approved.
A4,MAPLAB_A4_PHOTO_ARCHIVE_DYNAMIC_ROLE_MODULE,CURRENT_STATUS.md,core governance,must_read,read,true,e586343ebb6e8363040aa5b16e74ab00158de395be06b9a18aff4afcc0154681,182890,"gemini, codex, openclaw, hermes",A2 WordPress images; A3 creative packs; A6 proposal materials; A8 video pipeline; Google Drive MAPLAB_ASSETS,medium,Loaded into handoff pack unless missing; use live API/UI for external system facts.
A4,MAPLAB_A4_PHOTO_ARCHIVE_DYNAMIC_ROLE_MODULE,AGENT_RULES.md,core governance,must_read,read,true,0e6152ddc7702ba02467da5dc63168c35ff0b6dfa911c6c91dbc0ae28bd86afb,68367,"gemini, codex, openclaw, hermes",A2 WordPress images; A3 creative packs; A6 proposal materials; A8 video pipeline; Google Drive MAPLAB_ASSETS,medium,Loaded into handoff pack unless missing; use live API/UI for external system facts.
A4,MAPLAB_A4_PHOTO_ARCHIVE_DYNAMIC_ROLE_MODULE,AGENT_STARTUP_PROTOCOL.md,core governance,must_read,read,true,bd8a0c28c16199c490b1e70395615801bb78442d2a1fce7c8e3f4de6ee7f8629,15026,"gemini, codex, openclaw, hermes",A2 WordPress images; A3 creative packs; A6 proposal materials; A8 video pipeline; Google Drive MAPLAB_ASSETS,medium,Loaded into handoff pack unless missing; use live API/UI for external system facts.
A4,MAPLAB_A4_PHOTO_ARCHIVE_DYNAMIC_ROLE_MODULE,pitfalls.md,core governance,must_read,read,true,947a3dcb898e36bbcb411a3f144f559d28b8aa2be3be1bdc1c81709cde3ad15a,145773,"gemini, codex, openclaw, hermes",A2 WordPress images; A3 creative packs; A6 proposal materials; A8 video pipeline; Google Drive MAPLAB_ASSETS,medium,Loaded into handoff pack unless missing; use live API/UI for external system facts.
A4,MAPLAB_A4_PHOTO_ARCHIVE_DYNAMIC_ROLE_MODULE,TASK_QUEUE.md,core governance,must_read,read,true,7735bfcdb9f2cc31f8938a4a16c9bdccded7be4647c17dc80e82887df00ddc39,5732,"gemini, codex, openclaw, hermes",A2 WordPress images; A3 creative packs; A6 proposal materials; A8 video pipeline; Google Drive MAPLAB_ASSETS,medium,Loaded into handoff pack unless missing; use live API/UI for external system facts.
A4,MAPLAB_A4_PHOTO_ARCHIVE_DYNAMIC_ROLE_MODULE,workbook/task_index.json,workbook artifact,must_read,read,true,a0a16a764e5db78fa40002dedccfafb5457b5e12d6eee37f9c2cdb14e9821be3,25422,"gemini, codex, openclaw, hermes",A2 WordPress images; A3 creative packs; A6 proposal materials; A8 video pipeline; Google Drive MAPLAB_ASSETS,medium,Loaded into handoff pack unless missing; use live API/UI for external system facts.
A4,MAPLAB_A4_PHOTO_ARCHIVE_DYNAMIC_ROLE_MODULE,AGENT_RECALL_PROMPTS.md,core governance,must_read,read,true,6af77fe389d20dac0079dfbf2954098d6c30d68c87fee4ae7c7cb8a1ad2f5722,81227,"gemini, codex, openclaw, hermes",A2 WordPress images; A3 creative packs; A6 proposal materials; A8 video pipeline; Google Drive MAPLAB_ASSETS,medium,Loaded into handoff pack unless missing; use live API/UI for external system facts.
A4,MAPLAB_A4_PHOTO_ARCHIVE_DYNAMIC_ROLE_MODULE,skills/superpowers-guide.md,skill / operating guide,must_read,read,true,8987b633b6f64545027e4744ec8ce3e8d85cf80127241dc79861dd5360407195,15373,"gemini, codex, openclaw, hermes",A2 WordPress images; A3 creative packs; A6 proposal materials; A8 video pipeline; Google Drive MAPLAB_ASSETS,medium,Loaded into handoff pack unless missing; use live API/UI for external system facts.
A4,MAPLAB_A4_PHOTO_ARCHIVE_DYNAMIC_ROLE_MODULE,skills/task-progress-guide.md,skill / operating guide,must_read,read,true,a0a8dce530f8b02cba8dba5cdd461d0c1e7a972373da867edebe06ec9b7b7eb5,10792,"gemini, codex, openclaw, hermes",A2 WordPress images; A3 creative packs; A6 proposal materials; A8 video pipeline; Google Drive MAPLAB_ASSETS,medium,Loaded into handoff pack unless missing; use live API/UI for external system facts.
A4,MAPLAB_A4_PHOTO_ARCHIVE_DYNAMIC_ROLE_MODULE,skills/session-lifecycle/SKILL.md,skill / operating guide,must_read,read,true,ba41f9ac9db25d3c3224a2ecd2e52cc74b989c8226bada767404034ec1eb76db,503,"gemini, codex, openclaw, hermes",A2 WordPress images; A3 creative packs; A6 proposal materials; A8 video pipeline; Google Drive MAPLAB_ASSETS,medium,Loaded into handoff pack unless missing; use live API/UI for external system facts.
A4,MAPLAB_A4_PHOTO_ARCHIVE_DYNAMIC_ROLE_MODULE,recalls/A4_recall.md,role recall prompt,must_read,read,true,aadf4f6c39d1e3eaf54ae2fd84525a882fe44ba58eb74ad89f02273191da0c04,2588,"gemini, codex, openclaw, hermes",A2 WordPress images; A3 creative packs; A6 proposal materials; A8 video pipeline; Google Drive MAPLAB_ASSETS,medium,Loaded into handoff pack unless missing; use live API/UI for external system facts.
A4,MAPLAB_A4_PHOTO_ARCHIVE_DYNAMIC_ROLE_MODULE,projects/maplab-pipeline.md,project context,must_read,read,true,f827ec29b28e3e74d3cdd8660884d78b9fd67409ad48bd2e5841ee82703314e3,22845,"gemini, codex, openclaw, hermes",A2 WordPress images; A3 creative packs; A6 proposal materials; A8 video pipeline; Google Drive MAPLAB_ASSETS,medium,Loaded into handoff pack unless missing; use live API/UI for external system facts.
A4,MAPLAB_A4_PHOTO_ARCHIVE_DYNAMIC_ROLE_MODULE,projects/a2-asset-guide.md,project context,must_read,read,true,045673064d5e2ef5c2a8a8ab9452ea59805ba44de3fd1b37f70e9f2ecae60901,6075,"gemini, codex, openclaw, hermes",A2 WordPress images; A3 creative packs; A6 proposal materials; A8 video pipeline; Google Drive MAPLAB_ASSETS,medium,Loaded into handoff pack unless missing; use live API/UI for external system facts.
A4,MAPLAB_A4_PHOTO_ARCHIVE_DYNAMIC_ROLE_MODULE,docs/a4/source-of-truth.md,governance or workflow document,must_read,read,true,fdc8409320ef5a859c35d9723ee9c4bbc2125abb3a752bd228d7a765a7c5ede0,2027,"gemini, codex, openclaw, hermes",A2 WordPress images; A3 creative packs; A6 proposal materials; A8 video pipeline; Google Drive MAPLAB_ASSETS,medium,Loaded into handoff pack unless missing; use live API/UI for external system facts.
A4,MAPLAB_A4_PHOTO_ARCHIVE_DYNAMIC_ROLE_MODULE,docs/a4/drive-map.md,governance or workflow document,must_read,read,true,c4de0a5c45e86f9911b03be118017410db5ffd4ad778d46559880814b5c3c0a7,1539,"gemini, codex, openclaw, hermes",A2 WordPress images; A3 creative packs; A6 proposal materials; A8 video pipeline; Google Drive MAPLAB_ASSETS,medium,Loaded into handoff pack unless missing; use live API/UI for external system facts.
A4,MAPLAB_A4_PHOTO_ARCHIVE_DYNAMIC_ROLE_MODULE,docs/a4/workflow.md,governance or workflow document,must_read,read,true,53f1f94df0607a2c92bc516789e317d55cd8dca9fc6c504eb907c24bc2cd0d7d,791,"gemini, codex, openclaw, hermes",A2 WordPress images; A3 creative packs; A6 proposal materials; A8 video pipeline; Google Drive MAPLAB_ASSETS,medium,Loaded into handoff pack unless missing; use live API/UI for external system facts.
A4,MAPLAB_A4_PHOTO_ARCHIVE_DYNAMIC_ROLE_MODULE,skills/a4-photo-asset-skills.md,skill / operating guide,must_read,read,true,0fce02d9b74f5133ed9d46d4a0a588eccd2068db285cf56cdde21d5eec733dda,3902,"gemini, codex, openclaw, hermes",A2 WordPress images; A3 creative packs; A6 proposal materials; A8 video pipeline; Google Drive MAPLAB_ASSETS,medium,Loaded into handoff pack unless missing; use live API/UI for external system facts.
A4,MAPLAB_A4_PHOTO_ARCHIVE_DYNAMIC_ROLE_MODULE,skills/photo-pipeline-toolkit-guide.md,skill / operating guide,must_read,read,true,210d069c53859176d544bd4d339fb8dd12aff03b5aa13c7da718baf01677b1c8,17185,"gemini, codex, openclaw, hermes",A2 WordPress images; A3 creative packs; A6 proposal materials; A8 video pipeline; Google Drive MAPLAB_ASSETS,medium,Loaded into handoff pack unless missing; use live API/UI for external system facts.
A4,MAPLAB_A4_PHOTO_ARCHIVE_DYNAMIC_ROLE_MODULE,skills/maplab-visual-spec.md,skill / operating guide,must_read,read,true,1b31aa9ad1aad14011adc90e7f5e675a926df5be7ccbe9f83f1df46dd8eac13e,15171,"gemini, codex, openclaw, hermes",A2 WordPress images; A3 creative packs; A6 proposal materials; A8 video pipeline; Google Drive MAPLAB_ASSETS,medium,Loaded into handoff pack unless missing; use live API/UI for external system facts.
A4,MAPLAB_A4_PHOTO_ARCHIVE_DYNAMIC_ROLE_MODULE,skills/canva-photo-filter/SKILL.md,skill / operating guide,must_read,read,true,dfd4e9d18225689ee837b32688878176de05a8f29d0e951b0a091c2dcf4188b8,4638,"gemini, codex, openclaw, hermes",A2 WordPress images; A3 creative packs; A6 proposal materials; A8 video pipeline; Google Drive MAPLAB_ASSETS,medium,Loaded into handoff pack unless missing; use live API/UI for external system facts.
A4,MAPLAB_A4_PHOTO_ARCHIVE_DYNAMIC_ROLE_MODULE,skills/image-convert/SKILL.md,skill / operating guide,must_read,read,true,48e96d77b183c0d1dbc8ebfcec56dce1064600fac99e619f51a70663053826dd,4415,"gemini, codex, openclaw, hermes",A2 WordPress images; A3 creative packs; A6 proposal materials; A8 video pipeline; Google Drive MAPLAB_ASSETS,medium,Loaded into handoff pack unless missing; use live API/UI for external system facts.
A4,MAPLAB_A4_PHOTO_ARCHIVE_DYNAMIC_ROLE_MODULE,docs/openclaw/output-contract.md,governance or workflow document,must_read,read,true,368fad433ad22bf1f4fbeef3ef05d4baa179d4f9a93eff8f44639a4d430d03ba,1700,"gemini, codex, openclaw, hermes",A2 WordPress images; A3 creative packs; A6 proposal materials; A8 video pipeline; Google Drive MAPLAB_ASSETS,medium,Loaded into handoff pack unless missing; use live API/UI for external system facts.
A4,MAPLAB_A4_PHOTO_ARCHIVE_DYNAMIC_ROLE_MODULE,docs/openclaw/relation-graph.md,governance or workflow document,must_read,read,true,616551a8eb75ef2f74175902bdc6e13bd0af0d68409ca0ad6e70f5d0574bc197,1211,"gemini, codex, openclaw, hermes",A2 WordPress images; A3 creative packs; A6 proposal materials; A8 video pipeline; Google Drive MAPLAB_ASSETS,medium,Loaded into handoff pack unless missing; use live API/UI for external system facts.
A4,MAPLAB_A4_PHOTO_ARCHIVE_DYNAMIC_ROLE_MODULE,docs/openclaw/security-boundaries.md,governance or workflow document,must_read,read,true,b4426628c0f5ee1359f9c90fe1fc306321523f1d928fcf26db9c4ad95db63131,661,"gemini, codex, openclaw, hermes",A2 WordPress images; A3 creative packs; A6 proposal materials; A8 video pipeline; Google Drive MAPLAB_ASSETS,medium,Loaded into handoff pack unless missing; use live API/UI for external system facts.
A4,MAPLAB_A4_PHOTO_ARCHIVE_DYNAMIC_ROLE_MODULE,workbook/reviews/README.md,workbook artifact,must_read,read,true,91c65b9321e7f66e9ae0299d9f6832c3e01c8e8e6ef1c54daa3bc7f358691add,698,"gemini, codex, openclaw, hermes",A2 WordPress images; A3 creative packs; A6 proposal materials; A8 video pipeline; Google Drive MAPLAB_ASSETS,medium,Loaded into handoff pack unless missing; use live API/UI for external system facts.
A4,MAPLAB_A4_PHOTO_ARCHIVE_DYNAMIC_ROLE_MODULE,skills/credentials/google-drive-api.md,skill / operating guide,restricted_reference,a1_only,true,1882a83962847b8ef12a170a50d4c29579a050a46b8cd7912b48d3c6b903f7a0,3898,"gemini, codex, openclaw, hermes",A2 WordPress images; A3 creative packs; A6 proposal materials; A8 video pipeline; Google Drive MAPLAB_ASSETS,medium,Do not paste credential/secrets docs into Gemini/OpenClaw prompts; A1-only lookup when approved.
A4,MAPLAB_A4_PHOTO_ARCHIVE_DYNAMIC_ROLE_MODULE,skills/credentials/gemini-api.md,skill / operating guide,restricted_reference,a1_only,true,bf2f3476f4349c33a477c9fb5d8084a398e72603f650813770148561b22dbe32,1802,"gemini, codex, openclaw, hermes",A2 WordPress images; A3 creative packs; A6 proposal materials; A8 video pipeline; Google Drive MAPLAB_ASSETS,medium,Do not paste credential/secrets docs into Gemini/OpenClaw prompts; A1-only lookup when approved.
A5,MAPLAB_A5_QUOTATION_ENGINE_DYNAMIC_ROLE_MODULE,CURRENT_STATUS.md,core governance,must_read,read,true,e586343ebb6e8363040aa5b16e74ab00158de395be06b9a18aff4afcc0154681,182890,"gemini, codex, openclaw, hermes",A6 quote workflow; A7 customer answers; Google Sheets master data; Slides quotation system,high,Loaded into handoff pack unless missing; use live API/UI for external system facts.
A5,MAPLAB_A5_QUOTATION_ENGINE_DYNAMIC_ROLE_MODULE,AGENT_RULES.md,core governance,must_read,read,true,0e6152ddc7702ba02467da5dc63168c35ff0b6dfa911c6c91dbc0ae28bd86afb,68367,"gemini, codex, openclaw, hermes",A6 quote workflow; A7 customer answers; Google Sheets master data; Slides quotation system,high,Loaded into handoff pack unless missing; use live API/UI for external system facts.
A5,MAPLAB_A5_QUOTATION_ENGINE_DYNAMIC_ROLE_MODULE,AGENT_STARTUP_PROTOCOL.md,core governance,must_read,read,true,bd8a0c28c16199c490b1e70395615801bb78442d2a1fce7c8e3f4de6ee7f8629,15026,"gemini, codex, openclaw, hermes",A6 quote workflow; A7 customer answers; Google Sheets master data; Slides quotation system,high,Loaded into handoff pack unless missing; use live API/UI for external system facts.
A5,MAPLAB_A5_QUOTATION_ENGINE_DYNAMIC_ROLE_MODULE,pitfalls.md,core governance,must_read,read,true,947a3dcb898e36bbcb411a3f144f559d28b8aa2be3be1bdc1c81709cde3ad15a,145773,"gemini, codex, openclaw, hermes",A6 quote workflow; A7 customer answers; Google Sheets master data; Slides quotation system,high,Loaded into handoff pack unless missing; use live API/UI for external system facts.
A5,MAPLAB_A5_QUOTATION_ENGINE_DYNAMIC_ROLE_MODULE,TASK_QUEUE.md,core governance,must_read,read,true,7735bfcdb9f2cc31f8938a4a16c9bdccded7be4647c17dc80e82887df00ddc39,5732,"gemini, codex, openclaw, hermes",A6 quote workflow; A7 customer answers; Google Sheets master data; Slides quotation system,high,Loaded into handoff pack unless missing; use live API/UI for external system facts.
A5,MAPLAB_A5_QUOTATION_ENGINE_DYNAMIC_ROLE_MODULE,workbook/task_index.json,workbook artifact,must_read,read,true,a0a16a764e5db78fa40002dedccfafb5457b5e12d6eee37f9c2cdb14e9821be3,25422,"gemini, codex, openclaw, hermes",A6 quote workflow; A7 customer answers; Google Sheets master data; Slides quotation system,high,Loaded into handoff pack unless missing; use live API/UI for external system facts.
A5,MAPLAB_A5_QUOTATION_ENGINE_DYNAMIC_ROLE_MODULE,AGENT_RECALL_PROMPTS.md,core governance,must_read,read,true,6af77fe389d20dac0079dfbf2954098d6c30d68c87fee4ae7c7cb8a1ad2f5722,81227,"gemini, codex, openclaw, hermes",A6 quote workflow; A7 customer answers; Google Sheets master data; Slides quotation system,high,Loaded into handoff pack unless missing; use live API/UI for external system facts.
A5,MAPLAB_A5_QUOTATION_ENGINE_DYNAMIC_ROLE_MODULE,skills/superpowers-guide.md,skill / operating guide,must_read,read,true,8987b633b6f64545027e4744ec8ce3e8d85cf80127241dc79861dd5360407195,15373,"gemini, codex, openclaw, hermes",A6 quote workflow; A7 customer answers; Google Sheets master data; Slides quotation system,high,Loaded into handoff pack unless missing; use live API/UI for external system facts.
A5,MAPLAB_A5_QUOTATION_ENGINE_DYNAMIC_ROLE_MODULE,skills/task-progress-guide.md,skill / operating guide,must_read,read,true,a0a8dce530f8b02cba8dba5cdd461d0c1e7a972373da867edebe06ec9b7b7eb5,10792,"gemini, codex, openclaw, hermes",A6 quote workflow; A7 customer answers; Google Sheets master data; Slides quotation system,high,Loaded into handoff pack unless missing; use live API/UI for external system facts.
A5,MAPLAB_A5_QUOTATION_ENGINE_DYNAMIC_ROLE_MODULE,skills/session-lifecycle/SKILL.md,skill / operating guide,must_read,read,true,ba41f9ac9db25d3c3224a2ecd2e52cc74b989c8226bada767404034ec1eb76db,503,"gemini, codex, openclaw, hermes",A6 quote workflow; A7 customer answers; Google Sheets master data; Slides quotation system,high,Loaded into handoff pack unless missing; use live API/UI for external system facts.
A5,MAPLAB_A5_QUOTATION_ENGINE_DYNAMIC_ROLE_MODULE,recalls/A5_recall.md,role recall prompt,must_read,read,true,8d7a0de89bcadb624e566a724a9ae26c638c7d2eea2d7c576809f650b795bcee,2675,"gemini, codex, openclaw, hermes",A6 quote workflow; A7 customer answers; Google Sheets master data; Slides quotation system,high,Loaded into handoff pack unless missing; use live API/UI for external system facts.
A5,MAPLAB_A5_QUOTATION_ENGINE_DYNAMIC_ROLE_MODULE,projects/maplab-master-data.md,project context,must_read,read,true,b854c6dc727d1db374e8ae5b06190e9721b93c517cf5026b9fd2f86c7d846283,50878,"gemini, codex, openclaw, hermes",A6 quote workflow; A7 customer answers; Google Sheets master data; Slides quotation system,high,Loaded into handoff pack unless missing; use live API/UI for external system facts.
A5,MAPLAB_A5_QUOTATION_ENGINE_DYNAMIC_ROLE_MODULE,projects/quote-system-v2.md,project context,must_read,read,true,c77c531584a5e605cfbb66965a359448a3db3275bd6b918c0386c0eead6bdc28,6942,"gemini, codex, openclaw, hermes",A6 quote workflow; A7 customer answers; Google Sheets master data; Slides quotation system,high,Loaded into handoff pack unless missing; use live API/UI for external system facts.
A5,MAPLAB_A5_QUOTATION_ENGINE_DYNAMIC_ROLE_MODULE,data/items_master.json,data source,must_read,read,true,bc3bc9b2cc61a68df7b2f59ca358fa0109516a27e8c825e2fe4a904daef78502,15010,"gemini, codex, openclaw, hermes",A6 quote workflow; A7 customer answers; Google Sheets master data; Slides quotation system,high,Loaded into handoff pack unless missing; use live API/UI for external system facts.
A5,MAPLAB_A5_QUOTATION_ENGINE_DYNAMIC_ROLE_MODULE,data/quote-terms-reference.md,data source,must_read,read,true,e495927acd7e747dc6bd7a571062f4768279208b39612d616d13a82797cbdaed,4609,"gemini, codex, openclaw, hermes",A6 quote workflow; A7 customer answers; Google Sheets master data; Slides quotation system,high,Loaded into handoff pack unless missing; use live API/UI for external system facts.
A5,MAPLAB_A5_QUOTATION_ENGINE_DYNAMIC_ROLE_MODULE,archive/data/item-master-cross-reference.md,core governance,must_read,read,true,e31ecc0d753944aaee64440bd91fb18e79f8ad6e2b04157dff79812eb7d8c3ec,3466,"gemini, codex, openclaw, hermes",A6 quote workflow; A7 customer answers; Google Sheets master data; Slides quotation system,high,Loaded into handoff pack unless missing; use live API/UI for external system facts.
A5,MAPLAB_A5_QUOTATION_ENGINE_DYNAMIC_ROLE_MODULE,archive/data/item-frequency-top50.md,core governance,must_read,read,true,3d3b42041a21904508b04158b3adcef5731edbf9cac3356155dd3b93d575da77,2562,"gemini, codex, openclaw, hermes",A6 quote workflow; A7 customer answers; Google Sheets master data; Slides quotation system,high,Loaded into handoff pack unless missing; use live API/UI for external system facts.
A5,MAPLAB_A5_QUOTATION_ENGINE_DYNAMIC_ROLE_MODULE,archive/data/quote_items_deduped.json,core governance,must_read,read,true,fe961d2a7dbea0f500f926d7855e7401595673ca09b81d529398af12dd112e81,1861966,"gemini, codex, openclaw, hermes",A6 quote workflow; A7 customer answers; Google Sheets master data; Slides quotation system,high,Loaded into handoff pack unless missing; use live API/UI for external system facts.
A5,MAPLAB_A5_QUOTATION_ENGINE_DYNAMIC_ROLE_MODULE,handoff/table-relationship-map.md,handoff or task card,must_read,read,true,7081c8cdce34bf619f4670279a7ed0bbe2eeab7fa79cdcbea723195c5786c2d3,2712,"gemini, codex, openclaw, hermes",A6 quote workflow; A7 customer answers; Google Sheets master data; Slides quotation system,high,Loaded into handoff pack unless missing; use live API/UI for external system facts.
A5,MAPLAB_A5_QUOTATION_ENGINE_DYNAMIC_ROLE_MODULE,skills/a5-quotation-engine-skills.md,skill / operating guide,must_read,read,true,cd3ead7a6c39ed2573afcbda72c7aea27ceffda0a2c15b27959d7f3d073ae727,5448,"gemini, codex, openclaw, hermes",A6 quote workflow; A7 customer answers; Google Sheets master data; Slides quotation system,high,Loaded into handoff pack unless missing; use live API/UI for external system facts.
A5,MAPLAB_A5_QUOTATION_ENGINE_DYNAMIC_ROLE_MODULE,skills/items-management/SKILL.md,skill / operating guide,must_read,read,true,400ac2c265970cd7a7dd2b2fe5fc82780b18c1c2dcbc5ae8b8cb86b57e7c4a0d,7341,"gemini, codex, openclaw, hermes",A6 quote workflow; A7 customer answers; Google Sheets master data; Slides quotation system,high,Loaded into handoff pack unless missing; use live API/UI for external system facts.
A5,MAPLAB_A5_QUOTATION_ENGINE_DYNAMIC_ROLE_MODULE,skills/sheets-data-cleaning-guide.md,skill / operating guide,must_read,read,true,c1d4d70c204f52cdfa4ba5ad19d080d6a5cef6b7617bb70bef6d0e06ae3fddf1,10352,"gemini, codex, openclaw, hermes",A6 quote workflow; A7 customer answers; Google Sheets master data; Slides quotation system,high,Loaded into handoff pack unless missing; use live API/UI for external system facts.
A5,MAPLAB_A5_QUOTATION_ENGINE_DYNAMIC_ROLE_MODULE,skills/sheet-version-restore/SKILL.md,skill / operating guide,must_read,read,true,0bdbcf5d506240a2c828badbbbf3b4e8b0d2c1d2de56cf3c7f3e38606f662eea,1250,"gemini, codex, openclaw, hermes",A6 quote workflow; A7 customer answers; Google Sheets master data; Slides quotation system,high,Loaded into handoff pack unless missing; use live API/UI for external system facts.
A5,MAPLAB_A5_QUOTATION_ENGINE_DYNAMIC_ROLE_MODULE,docs/openclaw/output-contract.md,governance or workflow document,must_read,read,true,368fad433ad22bf1f4fbeef3ef05d4baa179d4f9a93eff8f44639a4d430d03ba,1700,"gemini, codex, openclaw, hermes",A6 quote workflow; A7 customer answers; Google Sheets master data; Slides quotation system,high,Loaded into handoff pack unless missing; use live API/UI for external system facts.
A5,MAPLAB_A5_QUOTATION_ENGINE_DYNAMIC_ROLE_MODULE,docs/openclaw/relation-graph.md,governance or workflow document,must_read,read,true,616551a8eb75ef2f74175902bdc6e13bd0af0d68409ca0ad6e70f5d0574bc197,1211,"gemini, codex, openclaw, hermes",A6 quote workflow; A7 customer answers; Google Sheets master data; Slides quotation system,high,Loaded into handoff pack unless missing; use live API/UI for external system facts.
A5,MAPLAB_A5_QUOTATION_ENGINE_DYNAMIC_ROLE_MODULE,docs/openclaw/security-boundaries.md,governance or workflow document,must_read,read,true,b4426628c0f5ee1359f9c90fe1fc306321523f1d928fcf26db9c4ad95db63131,661,"gemini, codex, openclaw, hermes",A6 quote workflow; A7 customer answers; Google Sheets master data; Slides quotation system,high,Loaded into handoff pack unless missing; use live API/UI for external system facts.
A5,MAPLAB_A5_QUOTATION_ENGINE_DYNAMIC_ROLE_MODULE,workbook/reviews/README.md,workbook artifact,must_read,read,true,91c65b9321e7f66e9ae0299d9f6832c3e01c8e8e6ef1c54daa3bc7f358691add,698,"gemini, codex, openclaw, hermes",A6 quote workflow; A7 customer answers; Google Sheets master data; Slides quotation system,high,Loaded into handoff pack unless missing; use live API/UI for external system facts.
A5,MAPLAB_A5_QUOTATION_ENGINE_DYNAMIC_ROLE_MODULE,skills/credentials/google-sheets-api.md,skill / operating guide,restricted_reference,a1_only,true,e79a4b992ec1118a6f70d39c08cebf6674483f595626f9a8b1550c87afc09dba,2417,"gemini, codex, openclaw, hermes",A6 quote workflow; A7 customer answers; Google Sheets master data; Slides quotation system,high,Do not paste credential/secrets docs into Gemini/OpenClaw prompts; A1-only lookup when approved.
A6,MAPLAB_A6_SALES_RAPID_RESPONSE_DYNAMIC_ROLE_MODULE,CURRENT_STATUS.md,core governance,must_read,read,true,e586343ebb6e8363040aa5b16e74ab00158de395be06b9a18aff4afcc0154681,182890,"gemini, codex, openclaw, hermes",Telegram bot; OpenClaw workspace; A5 quote data; A4 materials; A7 reply handoff,high,Loaded into handoff pack unless missing; use live API/UI for external system facts.
A6,MAPLAB_A6_SALES_RAPID_RESPONSE_DYNAMIC_ROLE_MODULE,AGENT_RULES.md,core governance,must_read,read,true,0e6152ddc7702ba02467da5dc63168c35ff0b6dfa911c6c91dbc0ae28bd86afb,68367,"gemini, codex, openclaw, hermes",Telegram bot; OpenClaw workspace; A5 quote data; A4 materials; A7 reply handoff,high,Loaded into handoff pack unless missing; use live API/UI for external system facts.
A6,MAPLAB_A6_SALES_RAPID_RESPONSE_DYNAMIC_ROLE_MODULE,AGENT_STARTUP_PROTOCOL.md,core governance,must_read,read,true,bd8a0c28c16199c490b1e70395615801bb78442d2a1fce7c8e3f4de6ee7f8629,15026,"gemini, codex, openclaw, hermes",Telegram bot; OpenClaw workspace; A5 quote data; A4 materials; A7 reply handoff,high,Loaded into handoff pack unless missing; use live API/UI for external system facts.
A6,MAPLAB_A6_SALES_RAPID_RESPONSE_DYNAMIC_ROLE_MODULE,pitfalls.md,core governance,must_read,read,true,947a3dcb898e36bbcb411a3f144f559d28b8aa2be3be1bdc1c81709cde3ad15a,145773,"gemini, codex, openclaw, hermes",Telegram bot; OpenClaw workspace; A5 quote data; A4 materials; A7 reply handoff,high,Loaded into handoff pack unless missing; use live API/UI for external system facts.
A6,MAPLAB_A6_SALES_RAPID_RESPONSE_DYNAMIC_ROLE_MODULE,TASK_QUEUE.md,core governance,must_read,read,true,7735bfcdb9f2cc31f8938a4a16c9bdccded7be4647c17dc80e82887df00ddc39,5732,"gemini, codex, openclaw, hermes",Telegram bot; OpenClaw workspace; A5 quote data; A4 materials; A7 reply handoff,high,Loaded into handoff pack unless missing; use live API/UI for external system facts.
A6,MAPLAB_A6_SALES_RAPID_RESPONSE_DYNAMIC_ROLE_MODULE,workbook/task_index.json,workbook artifact,must_read,read,true,a0a16a764e5db78fa40002dedccfafb5457b5e12d6eee37f9c2cdb14e9821be3,25422,"gemini, codex, openclaw, hermes",Telegram bot; OpenClaw workspace; A5 quote data; A4 materials; A7 reply handoff,high,Loaded into handoff pack unless missing; use live API/UI for external system facts.
A6,MAPLAB_A6_SALES_RAPID_RESPONSE_DYNAMIC_ROLE_MODULE,AGENT_RECALL_PROMPTS.md,core governance,must_read,read,true,6af77fe389d20dac0079dfbf2954098d6c30d68c87fee4ae7c7cb8a1ad2f5722,81227,"gemini, codex, openclaw, hermes",Telegram bot; OpenClaw workspace; A5 quote data; A4 materials; A7 reply handoff,high,Loaded into handoff pack unless missing; use live API/UI for external system facts.
A6,MAPLAB_A6_SALES_RAPID_RESPONSE_DYNAMIC_ROLE_MODULE,skills/superpowers-guide.md,skill / operating guide,must_read,read,true,8987b633b6f64545027e4744ec8ce3e8d85cf80127241dc79861dd5360407195,15373,"gemini, codex, openclaw, hermes",Telegram bot; OpenClaw workspace; A5 quote data; A4 materials; A7 reply handoff,high,Loaded into handoff pack unless missing; use live API/UI for external system facts.
A6,MAPLAB_A6_SALES_RAPID_RESPONSE_DYNAMIC_ROLE_MODULE,skills/task-progress-guide.md,skill / operating guide,must_read,read,true,a0a8dce530f8b02cba8dba5cdd461d0c1e7a972373da867edebe06ec9b7b7eb5,10792,"gemini, codex, openclaw, hermes",Telegram bot; OpenClaw workspace; A5 quote data; A4 materials; A7 reply handoff,high,Loaded into handoff pack unless missing; use live API/UI for external system facts.
A6,MAPLAB_A6_SALES_RAPID_RESPONSE_DYNAMIC_ROLE_MODULE,skills/session-lifecycle/SKILL.md,skill / operating guide,must_read,read,true,ba41f9ac9db25d3c3224a2ecd2e52cc74b989c8226bada767404034ec1eb76db,503,"gemini, codex, openclaw, hermes",Telegram bot; OpenClaw workspace; A5 quote data; A4 materials; A7 reply handoff,high,Loaded into handoff pack unless missing; use live API/UI for external system facts.
A6,MAPLAB_A6_SALES_RAPID_RESPONSE_DYNAMIC_ROLE_MODULE,recalls/A6_recall.md,role recall prompt,must_read,read,true,eb86dc361543d3f21825dd550fbbc5dda293fdef84efa08c5e1b64328c89d6c3,8147,"gemini, codex, openclaw, hermes",Telegram bot; OpenClaw workspace; A5 quote data; A4 materials; A7 reply handoff,high,Loaded into handoff pack unless missing; use live API/UI for external system facts.
A6,MAPLAB_A6_SALES_RAPID_RESPONSE_DYNAMIC_ROLE_MODULE,projects/line-conversation-training.md,project context,must_read,read,true,28b781f9877e738d6611f521b07cbc4c5a1a90f8ab4578ebfb649ea2548fb10f,561,"gemini, codex, openclaw, hermes",Telegram bot; OpenClaw workspace; A5 quote data; A4 materials; A7 reply handoff,high,Loaded into handoff pack unless missing; use live API/UI for external system facts.
A6,MAPLAB_A6_SALES_RAPID_RESPONSE_DYNAMIC_ROLE_MODULE,projects/dual-bot-architecture.md,project context,must_read,read,true,38e2da03aecc223a98843e3c6748819b0ce1eb849021f8614de5c1c19eff27a2,4542,"gemini, codex, openclaw, hermes",Telegram bot; OpenClaw workspace; A5 quote data; A4 materials; A7 reply handoff,high,Loaded into handoff pack unless missing; use live API/UI for external system facts.
A6,MAPLAB_A6_SALES_RAPID_RESPONSE_DYNAMIC_ROLE_MODULE,projects/quote-system-v2.md,project context,must_read,read,true,c77c531584a5e605cfbb66965a359448a3db3275bd6b918c0386c0eead6bdc28,6942,"gemini, codex, openclaw, hermes",Telegram bot; OpenClaw workspace; A5 quote data; A4 materials; A7 reply handoff,high,Loaded into handoff pack unless missing; use live API/UI for external system facts.
A6,MAPLAB_A6_SALES_RAPID_RESPONSE_DYNAMIC_ROLE_MODULE,docs/openclaw/dispatch-role.md,governance or workflow document,must_read,read,true,51b08502cac884444908434effe9616fdcb9868d0f64e595f05d8adfa24e50da,874,"gemini, codex, openclaw, hermes",Telegram bot; OpenClaw workspace; A5 quote data; A4 materials; A7 reply handoff,high,Loaded into handoff pack unless missing; use live API/UI for external system facts.
A6,MAPLAB_A6_SALES_RAPID_RESPONSE_DYNAMIC_ROLE_MODULE,docs/openclaw/ads-assistant.md,governance or workflow document,must_read,read,true,1ff4ece0e5d79670d28864e84ea9d4a60437f048665f245cad8d548f2d17c553,693,"gemini, codex, openclaw, hermes",Telegram bot; OpenClaw workspace; A5 quote data; A4 materials; A7 reply handoff,high,Loaded into handoff pack unless missing; use live API/UI for external system facts.
A6,MAPLAB_A6_SALES_RAPID_RESPONSE_DYNAMIC_ROLE_MODULE,docs/openclaw/security-boundaries.md,governance or workflow document,must_read,read,true,b4426628c0f5ee1359f9c90fe1fc306321523f1d928fcf26db9c4ad95db63131,661,"gemini, codex, openclaw, hermes",Telegram bot; OpenClaw workspace; A5 quote data; A4 materials; A7 reply handoff,high,Loaded into handoff pack unless missing; use live API/UI for external system facts.
A6,MAPLAB_A6_SALES_RAPID_RESPONSE_DYNAMIC_ROLE_MODULE,docs/business-requirements/a6-training-methodology.md,governance or workflow document,must_read,read,true,25215fd6e6c3d0163b90fd303137ea0239e4c7cc38a3556fcbaa7101fedaf243,7007,"gemini, codex, openclaw, hermes",Telegram bot; OpenClaw workspace; A5 quote data; A4 materials; A7 reply handoff,high,Loaded into handoff pack unless missing; use live API/UI for external system facts.
A6,MAPLAB_A6_SALES_RAPID_RESPONSE_DYNAMIC_ROLE_MODULE,docs/business-requirements/a6-usage-scenarios.md,governance or workflow document,must_read,read,true,7e0c5b58bc81c127c4a8219c5ec6bed2cf6bd3f07d6d80248103ff647ff79ad3,17854,"gemini, codex, openclaw, hermes",Telegram bot; OpenClaw workspace; A5 quote data; A4 materials; A7 reply handoff,high,Loaded into handoff pack unless missing; use live API/UI for external system facts.
A6,MAPLAB_A6_SALES_RAPID_RESPONSE_DYNAMIC_ROLE_MODULE,bot_a6/openclaw_dispatch.py,code surface,must_read,read,true,dcbb8e1490c1f48c68ff0b4d285c108e5dc3d14c4589c6efc1303a8bcdb9dbc2,13479,"gemini, codex, openclaw, hermes",Telegram bot; OpenClaw workspace; A5 quote data; A4 materials; A7 reply handoff,high,Loaded into handoff pack unless missing; use live API/UI for external system facts.
A6,MAPLAB_A6_SALES_RAPID_RESPONSE_DYNAMIC_ROLE_MODULE,skills/a6-system-operations.md,skill / operating guide,must_read,read,true,fe5c109b979da2fddc0a095623b89987313d91b3f245835db3e44a319d823d0b,12293,"gemini, codex, openclaw, hermes",Telegram bot; OpenClaw workspace; A5 quote data; A4 materials; A7 reply handoff,high,Loaded into handoff pack unless missing; use live API/UI for external system facts.
A6,MAPLAB_A6_SALES_RAPID_RESPONSE_DYNAMIC_ROLE_MODULE,skills/a6-sales-rapid-response-skills.md,skill / operating guide,must_read,read,true,1b860f67be844324162f2f91e572abb323e348f09ffd5657462aa30712ac6993,2694,"gemini, codex, openclaw, hermes",Telegram bot; OpenClaw workspace; A5 quote data; A4 materials; A7 reply handoff,high,Loaded into handoff pack unless missing; use live API/UI for external system facts.
A6,MAPLAB_A6_SALES_RAPID_RESPONSE_DYNAMIC_ROLE_MODULE,skills/a6-rapid-quote-sop.md,skill / operating guide,must_read,read,true,4f791577c50f44e8eca3abea59d644f1b444d304a7ce2ccddeffa1aad204b633,18629,"gemini, codex, openclaw, hermes",Telegram bot; OpenClaw workspace; A5 quote data; A4 materials; A7 reply handoff,high,Loaded into handoff pack unless missing; use live API/UI for external system facts.
A6,MAPLAB_A6_SALES_RAPID_RESPONSE_DYNAMIC_ROLE_MODULE,skills/a6-safety-boundaries.md,skill / operating guide,must_read,read,true,282e950ad625209e54474554a955b9701ec4d78c22d761d8948ec04d0404d74e,7904,"gemini, codex, openclaw, hermes",Telegram bot; OpenClaw workspace; A5 quote data; A4 materials; A7 reply handoff,high,Loaded into handoff pack unless missing; use live API/UI for external system facts.
A6,MAPLAB_A6_SALES_RAPID_RESPONSE_DYNAMIC_ROLE_MODULE,skills/a6-telegram-window.md,skill / operating guide,must_read,read,true,5f08440e67f54322fb8c83c9a8c692e3caddbaad645b17d4648b1f5855f959d0,5133,"gemini, codex, openclaw, hermes",Telegram bot; OpenClaw workspace; A5 quote data; A4 materials; A7 reply handoff,high,Loaded into handoff pack unless missing; use live API/UI for external system facts.
A6,MAPLAB_A6_SALES_RAPID_RESPONSE_DYNAMIC_ROLE_MODULE,skills/a6-qa-examples.md,skill / operating guide,must_read,read,true,6525b6cb97cd2153864e06a5fdc7afbf48ec60cce0e9fce467c8765deed8729b,9412,"gemini, codex, openclaw, hermes",Telegram bot; OpenClaw workspace; A5 quote data; A4 materials; A7 reply handoff,high,Loaded into handoff pack unless missing; use live API/UI for external system facts.
A6,MAPLAB_A6_SALES_RAPID_RESPONSE_DYNAMIC_ROLE_MODULE,docs/openclaw/output-contract.md,governance or workflow document,must_read,read,true,368fad433ad22bf1f4fbeef3ef05d4baa179d4f9a93eff8f44639a4d430d03ba,1700,"gemini, codex, openclaw, hermes",Telegram bot; OpenClaw workspace; A5 quote data; A4 materials; A7 reply handoff,high,Loaded into handoff pack unless missing; use live API/UI for external system facts.
A6,MAPLAB_A6_SALES_RAPID_RESPONSE_DYNAMIC_ROLE_MODULE,docs/openclaw/relation-graph.md,governance or workflow document,must_read,read,true,616551a8eb75ef2f74175902bdc6e13bd0af0d68409ca0ad6e70f5d0574bc197,1211,"gemini, codex, openclaw, hermes",Telegram bot; OpenClaw workspace; A5 quote data; A4 materials; A7 reply handoff,high,Loaded into handoff pack unless missing; use live API/UI for external system facts.
A6,MAPLAB_A6_SALES_RAPID_RESPONSE_DYNAMIC_ROLE_MODULE,workbook/reviews/README.md,workbook artifact,must_read,read,true,91c65b9321e7f66e9ae0299d9f6832c3e01c8e8e6ef1c54daa3bc7f358691add,698,"gemini, codex, openclaw, hermes",Telegram bot; OpenClaw workspace; A5 quote data; A4 materials; A7 reply handoff,high,Loaded into handoff pack unless missing; use live API/UI for external system facts.
A6,MAPLAB_A6_SALES_RAPID_RESPONSE_DYNAMIC_ROLE_MODULE,skills/credentials/telegram-bot.md,skill / operating guide,restricted_reference,a1_only,true,1afb757712b250629ddc1de00b1964f9c52a9471b7a774caf406ef33eb93b2f8,1681,"gemini, codex, openclaw, hermes",Telegram bot; OpenClaw workspace; A5 quote data; A4 materials; A7 reply handoff,high,Do not paste credential/secrets docs into Gemini/OpenClaw prompts; A1-only lookup when approved.
A6,MAPLAB_A6_SALES_RAPID_RESPONSE_DYNAMIC_ROLE_MODULE,skills/credentials/line-bot.md,skill / operating guide,restricted_reference,a1_only,true,7bcf0d15d441e53cc7f8f30d69723693a1e2626a6772ad2608537d11b498649b,2292,"gemini, codex, openclaw, hermes",Telegram bot; OpenClaw workspace; A5 quote data; A4 materials; A7 reply handoff,high,Do not paste credential/secrets docs into Gemini/OpenClaw prompts; A1-only lookup when approved.
A7,MAPLAB_A7_SERVICE_DESK_DYNAMIC_ROLE_MODULE,CURRENT_STATUS.md,core governance,must_read,read,true,e586343ebb6e8363040aa5b16e74ab00158de395be06b9a18aff4afcc0154681,182890,"gemini, codex, openclaw, hermes",A6 intake; A5 quote requirements; LINE/Telegram responses; A2/A3 FAQ insights,medium,Loaded into handoff pack unless missing; use live API/UI for external system facts.
A7,MAPLAB_A7_SERVICE_DESK_DYNAMIC_ROLE_MODULE,AGENT_RULES.md,core governance,must_read,read,true,0e6152ddc7702ba02467da5dc63168c35ff0b6dfa911c6c91dbc0ae28bd86afb,68367,"gemini, codex, openclaw, hermes",A6 intake; A5 quote requirements; LINE/Telegram responses; A2/A3 FAQ insights,medium,Loaded into handoff pack unless missing; use live API/UI for external system facts.
A7,MAPLAB_A7_SERVICE_DESK_DYNAMIC_ROLE_MODULE,AGENT_STARTUP_PROTOCOL.md,core governance,must_read,read,true,bd8a0c28c16199c490b1e70395615801bb78442d2a1fce7c8e3f4de6ee7f8629,15026,"gemini, codex, openclaw, hermes",A6 intake; A5 quote requirements; LINE/Telegram responses; A2/A3 FAQ insights,medium,Loaded into handoff pack unless missing; use live API/UI for external system facts.
A7,MAPLAB_A7_SERVICE_DESK_DYNAMIC_ROLE_MODULE,pitfalls.md,core governance,must_read,read,true,947a3dcb898e36bbcb411a3f144f559d28b8aa2be3be1bdc1c81709cde3ad15a,145773,"gemini, codex, openclaw, hermes",A6 intake; A5 quote requirements; LINE/Telegram responses; A2/A3 FAQ insights,medium,Loaded into handoff pack unless missing; use live API/UI for external system facts.
A7,MAPLAB_A7_SERVICE_DESK_DYNAMIC_ROLE_MODULE,TASK_QUEUE.md,core governance,must_read,read,true,7735bfcdb9f2cc31f8938a4a16c9bdccded7be4647c17dc80e82887df00ddc39,5732,"gemini, codex, openclaw, hermes",A6 intake; A5 quote requirements; LINE/Telegram responses; A2/A3 FAQ insights,medium,Loaded into handoff pack unless missing; use live API/UI for external system facts.
A7,MAPLAB_A7_SERVICE_DESK_DYNAMIC_ROLE_MODULE,workbook/task_index.json,workbook artifact,must_read,read,true,a0a16a764e5db78fa40002dedccfafb5457b5e12d6eee37f9c2cdb14e9821be3,25422,"gemini, codex, openclaw, hermes",A6 intake; A5 quote requirements; LINE/Telegram responses; A2/A3 FAQ insights,medium,Loaded into handoff pack unless missing; use live API/UI for external system facts.
A7,MAPLAB_A7_SERVICE_DESK_DYNAMIC_ROLE_MODULE,AGENT_RECALL_PROMPTS.md,core governance,must_read,read,true,6af77fe389d20dac0079dfbf2954098d6c30d68c87fee4ae7c7cb8a1ad2f5722,81227,"gemini, codex, openclaw, hermes",A6 intake; A5 quote requirements; LINE/Telegram responses; A2/A3 FAQ insights,medium,Loaded into handoff pack unless missing; use live API/UI for external system facts.
A7,MAPLAB_A7_SERVICE_DESK_DYNAMIC_ROLE_MODULE,skills/superpowers-guide.md,skill / operating guide,must_read,read,true,8987b633b6f64545027e4744ec8ce3e8d85cf80127241dc79861dd5360407195,15373,"gemini, codex, openclaw, hermes",A6 intake; A5 quote requirements; LINE/Telegram responses; A2/A3 FAQ insights,medium,Loaded into handoff pack unless missing; use live API/UI for external system facts.
A7,MAPLAB_A7_SERVICE_DESK_DYNAMIC_ROLE_MODULE,skills/task-progress-guide.md,skill / operating guide,must_read,read,true,a0a8dce530f8b02cba8dba5cdd461d0c1e7a972373da867edebe06ec9b7b7eb5,10792,"gemini, codex, openclaw, hermes",A6 intake; A5 quote requirements; LINE/Telegram responses; A2/A3 FAQ insights,medium,Loaded into handoff pack unless missing; use live API/UI for external system facts.
A7,MAPLAB_A7_SERVICE_DESK_DYNAMIC_ROLE_MODULE,skills/session-lifecycle/SKILL.md,skill / operating guide,must_read,read,true,ba41f9ac9db25d3c3224a2ecd2e52cc74b989c8226bada767404034ec1eb76db,503,"gemini, codex, openclaw, hermes",A6 intake; A5 quote requirements; LINE/Telegram responses; A2/A3 FAQ insights,medium,Loaded into handoff pack unless missing; use live API/UI for external system facts.
A7,MAPLAB_A7_SERVICE_DESK_DYNAMIC_ROLE_MODULE,recalls/A7_recall.md,role recall prompt,must_read,read,true,d7eb829ef8b4fde3fb943f193efde0b950cd3ec18cebac901fce37429ec94f1b,1592,"gemini, codex, openclaw, hermes",A6 intake; A5 quote requirements; LINE/Telegram responses; A2/A3 FAQ insights,medium,Loaded into handoff pack unless missing; use live API/UI for external system facts.
A7,MAPLAB_A7_SERVICE_DESK_DYNAMIC_ROLE_MODULE,projects/ai-reply-system.md,project context,must_read,read,true,159466f5ae520d4e1eb476023c922020fcecaecce9d36efd5989c2986b7e7498,15071,"gemini, codex, openclaw, hermes",A6 intake; A5 quote requirements; LINE/Telegram responses; A2/A3 FAQ insights,medium,Loaded into handoff pack unless missing; use live API/UI for external system facts.
A7,MAPLAB_A7_SERVICE_DESK_DYNAMIC_ROLE_MODULE,docs/business-requirements/a6-training-methodology.md,governance or workflow document,must_read,read,true,25215fd6e6c3d0163b90fd303137ea0239e4c7cc38a3556fcbaa7101fedaf243,7007,"gemini, codex, openclaw, hermes",A6 intake; A5 quote requirements; LINE/Telegram responses; A2/A3 FAQ insights,medium,Loaded into handoff pack unless missing; use live API/UI for external system facts.
A7,MAPLAB_A7_SERVICE_DESK_DYNAMIC_ROLE_MODULE,skills/a7-customer-service-skills.md,skill / operating guide,must_read,read,true,426e0def0052fc3a9869962d29d86b6647af7302f6df5172cad91b54b1ac102e,7301,"gemini, codex, openclaw, hermes",A6 intake; A5 quote requirements; LINE/Telegram responses; A2/A3 FAQ insights,medium,Loaded into handoff pack unless missing; use live API/UI for external system facts.
A7,MAPLAB_A7_SERVICE_DESK_DYNAMIC_ROLE_MODULE,skills/brand-voice-guide.md,skill / operating guide,must_read,read,true,1d84f5057ccb65d4a524b1f00c903c3c39c704b19d375ce7b47708de18211141,11043,"gemini, codex, openclaw, hermes",A6 intake; A5 quote requirements; LINE/Telegram responses; A2/A3 FAQ insights,medium,Loaded into handoff pack unless missing; use live API/UI for external system facts.
A7,MAPLAB_A7_SERVICE_DESK_DYNAMIC_ROLE_MODULE,skills/a6-safety-boundaries.md,skill / operating guide,must_read,read,true,282e950ad625209e54474554a955b9701ec4d78c22d761d8948ec04d0404d74e,7904,"gemini, codex, openclaw, hermes",A6 intake; A5 quote requirements; LINE/Telegram responses; A2/A3 FAQ insights,medium,Loaded into handoff pack unless missing; use live API/UI for external system facts.
A7,MAPLAB_A7_SERVICE_DESK_DYNAMIC_ROLE_MODULE,docs/openclaw/output-contract.md,governance or workflow document,must_read,read,true,368fad433ad22bf1f4fbeef3ef05d4baa179d4f9a93eff8f44639a4d430d03ba,1700,"gemini, codex, openclaw, hermes",A6 intake; A5 quote requirements; LINE/Telegram responses; A2/A3 FAQ insights,medium,Loaded into handoff pack unless missing; use live API/UI for external system facts.
A7,MAPLAB_A7_SERVICE_DESK_DYNAMIC_ROLE_MODULE,docs/openclaw/relation-graph.md,governance or workflow document,must_read,read,true,616551a8eb75ef2f74175902bdc6e13bd0af0d68409ca0ad6e70f5d0574bc197,1211,"gemini, codex, openclaw, hermes",A6 intake; A5 quote requirements; LINE/Telegram responses; A2/A3 FAQ insights,medium,Loaded into handoff pack unless missing; use live API/UI for external system facts.
A7,MAPLAB_A7_SERVICE_DESK_DYNAMIC_ROLE_MODULE,docs/openclaw/security-boundaries.md,governance or workflow document,must_read,read,true,b4426628c0f5ee1359f9c90fe1fc306321523f1d928fcf26db9c4ad95db63131,661,"gemini, codex, openclaw, hermes",A6 intake; A5 quote requirements; LINE/Telegram responses; A2/A3 FAQ insights,medium,Loaded into handoff pack unless missing; use live API/UI for external system facts.
A7,MAPLAB_A7_SERVICE_DESK_DYNAMIC_ROLE_MODULE,workbook/reviews/README.md,workbook artifact,must_read,read,true,91c65b9321e7f66e9ae0299d9f6832c3e01c8e8e6ef1c54daa3bc7f358691add,698,"gemini, codex, openclaw, hermes",A6 intake; A5 quote requirements; LINE/Telegram responses; A2/A3 FAQ insights,medium,Loaded into handoff pack unless missing; use live API/UI for external system facts.
A7,MAPLAB_A7_SERVICE_DESK_DYNAMIC_ROLE_MODULE,skills/credentials/line-bot.md,skill / operating guide,restricted_reference,a1_only,true,7bcf0d15d441e53cc7f8f30d69723693a1e2626a6772ad2608537d11b498649b,2292,"gemini, codex, openclaw, hermes",A6 intake; A5 quote requirements; LINE/Telegram responses; A2/A3 FAQ insights,medium,Do not paste credential/secrets docs into Gemini/OpenClaw prompts; A1-only lookup when approved.
A8,MAPLAB_A8_CONTENT_REPURPOSING_PIPELINE_DYNAMIC_ROLE_MODULE,CURRENT_STATUS.md,core governance,must_read,read,true,e586343ebb6e8363040aa5b16e74ab00158de395be06b9a18aff4afcc0154681,182890,"gemini, codex, openclaw, hermes",A4 assets; A3 social calendar; A2 SEO video titles; YouTube/Shorts publishing queue,medium,Loaded into handoff pack unless missing; use live API/UI for external system facts.
A8,MAPLAB_A8_CONTENT_REPURPOSING_PIPELINE_DYNAMIC_ROLE_MODULE,AGENT_RULES.md,core governance,must_read,read,true,0e6152ddc7702ba02467da5dc63168c35ff0b6dfa911c6c91dbc0ae28bd86afb,68367,"gemini, codex, openclaw, hermes",A4 assets; A3 social calendar; A2 SEO video titles; YouTube/Shorts publishing queue,medium,Loaded into handoff pack unless missing; use live API/UI for external system facts.
A8,MAPLAB_A8_CONTENT_REPURPOSING_PIPELINE_DYNAMIC_ROLE_MODULE,AGENT_STARTUP_PROTOCOL.md,core governance,must_read,read,true,bd8a0c28c16199c490b1e70395615801bb78442d2a1fce7c8e3f4de6ee7f8629,15026,"gemini, codex, openclaw, hermes",A4 assets; A3 social calendar; A2 SEO video titles; YouTube/Shorts publishing queue,medium,Loaded into handoff pack unless missing; use live API/UI for external system facts.
A8,MAPLAB_A8_CONTENT_REPURPOSING_PIPELINE_DYNAMIC_ROLE_MODULE,pitfalls.md,core governance,must_read,read,true,947a3dcb898e36bbcb411a3f144f559d28b8aa2be3be1bdc1c81709cde3ad15a,145773,"gemini, codex, openclaw, hermes",A4 assets; A3 social calendar; A2 SEO video titles; YouTube/Shorts publishing queue,medium,Loaded into handoff pack unless missing; use live API/UI for external system facts.
A8,MAPLAB_A8_CONTENT_REPURPOSING_PIPELINE_DYNAMIC_ROLE_MODULE,TASK_QUEUE.md,core governance,must_read,read,true,7735bfcdb9f2cc31f8938a4a16c9bdccded7be4647c17dc80e82887df00ddc39,5732,"gemini, codex, openclaw, hermes",A4 assets; A3 social calendar; A2 SEO video titles; YouTube/Shorts publishing queue,medium,Loaded into handoff pack unless missing; use live API/UI for external system facts.
A8,MAPLAB_A8_CONTENT_REPURPOSING_PIPELINE_DYNAMIC_ROLE_MODULE,workbook/task_index.json,workbook artifact,must_read,read,true,a0a16a764e5db78fa40002dedccfafb5457b5e12d6eee37f9c2cdb14e9821be3,25422,"gemini, codex, openclaw, hermes",A4 assets; A3 social calendar; A2 SEO video titles; YouTube/Shorts publishing queue,medium,Loaded into handoff pack unless missing; use live API/UI for external system facts.
A8,MAPLAB_A8_CONTENT_REPURPOSING_PIPELINE_DYNAMIC_ROLE_MODULE,AGENT_RECALL_PROMPTS.md,core governance,must_read,read,true,6af77fe389d20dac0079dfbf2954098d6c30d68c87fee4ae7c7cb8a1ad2f5722,81227,"gemini, codex, openclaw, hermes",A4 assets; A3 social calendar; A2 SEO video titles; YouTube/Shorts publishing queue,medium,Loaded into handoff pack unless missing; use live API/UI for external system facts.
A8,MAPLAB_A8_CONTENT_REPURPOSING_PIPELINE_DYNAMIC_ROLE_MODULE,skills/superpowers-guide.md,skill / operating guide,must_read,read,true,8987b633b6f64545027e4744ec8ce3e8d85cf80127241dc79861dd5360407195,15373,"gemini, codex, openclaw, hermes",A4 assets; A3 social calendar; A2 SEO video titles; YouTube/Shorts publishing queue,medium,Loaded into handoff pack unless missing; use live API/UI for external system facts.
A8,MAPLAB_A8_CONTENT_REPURPOSING_PIPELINE_DYNAMIC_ROLE_MODULE,skills/task-progress-guide.md,skill / operating guide,must_read,read,true,a0a8dce530f8b02cba8dba5cdd461d0c1e7a972373da867edebe06ec9b7b7eb5,10792,"gemini, codex, openclaw, hermes",A4 assets; A3 social calendar; A2 SEO video titles; YouTube/Shorts publishing queue,medium,Loaded into handoff pack unless missing; use live API/UI for external system facts.
A8,MAPLAB_A8_CONTENT_REPURPOSING_PIPELINE_DYNAMIC_ROLE_MODULE,skills/session-lifecycle/SKILL.md,skill / operating guide,must_read,read,true,ba41f9ac9db25d3c3224a2ecd2e52cc74b989c8226bada767404034ec1eb76db,503,"gemini, codex, openclaw, hermes",A4 assets; A3 social calendar; A2 SEO video titles; YouTube/Shorts publishing queue,medium,Loaded into handoff pack unless missing; use live API/UI for external system facts.
A8,MAPLAB_A8_CONTENT_REPURPOSING_PIPELINE_DYNAMIC_ROLE_MODULE,recalls/A8_recall.md,role recall prompt,must_read,read,true,5eb4a8c4f1de2f3ad1ab7e1c644147cb53f2dd5251f746d4be5a7b628776abfb,5470,"gemini, codex, openclaw, hermes",A4 assets; A3 social calendar; A2 SEO video titles; YouTube/Shorts publishing queue,medium,Loaded into handoff pack unless missing; use live API/UI for external system facts.
A8,MAPLAB_A8_CONTENT_REPURPOSING_PIPELINE_DYNAMIC_ROLE_MODULE,handoff/tasks/T-A8-001-folder-to-video-distribution.md,handoff or task card,must_read,read,true,8304f78191cb4edb530448c5ebe54b4939a6e804e8406e3b325dabaa3b64614b,24799,"gemini, codex, openclaw, hermes",A4 assets; A3 social calendar; A2 SEO video titles; YouTube/Shorts publishing queue,medium,Loaded into handoff pack unless missing; use live API/UI for external system facts.
A8,MAPLAB_A8_CONTENT_REPURPOSING_PIPELINE_DYNAMIC_ROLE_MODULE,projects/maplab-pipeline.md,project context,must_read,read,true,f827ec29b28e3e74d3cdd8660884d78b9fd67409ad48bd2e5841ee82703314e3,22845,"gemini, codex, openclaw, hermes",A4 assets; A3 social calendar; A2 SEO video titles; YouTube/Shorts publishing queue,medium,Loaded into handoff pack unless missing; use live API/UI for external system facts.
A8,MAPLAB_A8_CONTENT_REPURPOSING_PIPELINE_DYNAMIC_ROLE_MODULE,docs/a4/source-of-truth.md,governance or workflow document,must_read,read,true,fdc8409320ef5a859c35d9723ee9c4bbc2125abb3a752bd228d7a765a7c5ede0,2027,"gemini, codex, openclaw, hermes",A4 assets; A3 social calendar; A2 SEO video titles; YouTube/Shorts publishing queue,medium,Loaded into handoff pack unless missing; use live API/UI for external system facts.
A8,MAPLAB_A8_CONTENT_REPURPOSING_PIPELINE_DYNAMIC_ROLE_MODULE,skills/a8-produce-to-publish-sop.md,skill / operating guide,must_read,read,true,32e7f391fb95f195772a7bc84e3f2da849d361c363947167fe84d463814bdfc6,39496,"gemini, codex, openclaw, hermes",A4 assets; A3 social calendar; A2 SEO video titles; YouTube/Shorts publishing queue,medium,Loaded into handoff pack unless missing; use live API/UI for external system facts.
A8,MAPLAB_A8_CONTENT_REPURPOSING_PIPELINE_DYNAMIC_ROLE_MODULE,skills/a8-video-pipeline-skills.md,skill / operating guide,must_read,read,true,16efb1edaeff9978d10c08aae6e54ceb38a9707a429f35c9da4a844e4fddf448,23814,"gemini, codex, openclaw, hermes",A4 assets; A3 social calendar; A2 SEO video titles; YouTube/Shorts publishing queue,medium,Loaded into handoff pack unless missing; use live API/UI for external system facts.
A8,MAPLAB_A8_CONTENT_REPURPOSING_PIPELINE_DYNAMIC_ROLE_MODULE,skills/media-limit-workaround.md,skill / operating guide,must_read,read,true,c13cf62b13f895d6636df84c80d5050c82ec9f6e139ed6847b312cdc12520b6a,5229,"gemini, codex, openclaw, hermes",A4 assets; A3 social calendar; A2 SEO video titles; YouTube/Shorts publishing queue,medium,Loaded into handoff pack unless missing; use live API/UI for external system facts.
A8,MAPLAB_A8_CONTENT_REPURPOSING_PIPELINE_DYNAMIC_ROLE_MODULE,skills/next-three-report.md,skill / operating guide,must_read,read,true,2b689f59b16dcea417af169a4e339ba0ff7339c74244de236d20b57b4fb30a4a,827,"gemini, codex, openclaw, hermes",A4 assets; A3 social calendar; A2 SEO video titles; YouTube/Shorts publishing queue,medium,Loaded into handoff pack unless missing; use live API/UI for external system facts.
A8,MAPLAB_A8_CONTENT_REPURPOSING_PIPELINE_DYNAMIC_ROLE_MODULE,skills/brand-voice-guide.md,skill / operating guide,must_read,read,true,1d84f5057ccb65d4a524b1f00c903c3c39c704b19d375ce7b47708de18211141,11043,"gemini, codex, openclaw, hermes",A4 assets; A3 social calendar; A2 SEO video titles; YouTube/Shorts publishing queue,medium,Loaded into handoff pack unless missing; use live API/UI for external system facts.
A8,MAPLAB_A8_CONTENT_REPURPOSING_PIPELINE_DYNAMIC_ROLE_MODULE,docs/openclaw/output-contract.md,governance or workflow document,must_read,read,true,368fad433ad22bf1f4fbeef3ef05d4baa179d4f9a93eff8f44639a4d430d03ba,1700,"gemini, codex, openclaw, hermes",A4 assets; A3 social calendar; A2 SEO video titles; YouTube/Shorts publishing queue,medium,Loaded into handoff pack unless missing; use live API/UI for external system facts.
A8,MAPLAB_A8_CONTENT_REPURPOSING_PIPELINE_DYNAMIC_ROLE_MODULE,docs/openclaw/relation-graph.md,governance or workflow document,must_read,read,true,616551a8eb75ef2f74175902bdc6e13bd0af0d68409ca0ad6e70f5d0574bc197,1211,"gemini, codex, openclaw, hermes",A4 assets; A3 social calendar; A2 SEO video titles; YouTube/Shorts publishing queue,medium,Loaded into handoff pack unless missing; use live API/UI for external system facts.
A8,MAPLAB_A8_CONTENT_REPURPOSING_PIPELINE_DYNAMIC_ROLE_MODULE,docs/openclaw/security-boundaries.md,governance or workflow document,must_read,read,true,b4426628c0f5ee1359f9c90fe1fc306321523f1d928fcf26db9c4ad95db63131,661,"gemini, codex, openclaw, hermes",A4 assets; A3 social calendar; A2 SEO video titles; YouTube/Shorts publishing queue,medium,Loaded into handoff pack unless missing; use live API/UI for external system facts.
A8,MAPLAB_A8_CONTENT_REPURPOSING_PIPELINE_DYNAMIC_ROLE_MODULE,workbook/reviews/README.md,workbook artifact,must_read,read,true,91c65b9321e7f66e9ae0299d9f6832c3e01c8e8e6ef1c54daa3bc7f358691add,698,"gemini, codex, openclaw, hermes",A4 assets; A3 social calendar; A2 SEO video titles; YouTube/Shorts publishing queue,medium,Loaded into handoff pack unless missing; use live API/UI for external system facts.
A8-FITNESS,MAPLAB_A8-FITNESS_SENIOR_FITNESS_FOLLOW_ALONG_DIRECTOR_DYNAMIC_ROLE_MODULE,CURRENT_STATUS.md,core governance,must_read,read,true,e586343ebb6e8363040aa5b16e74ab00158de395be06b9a18aff4afcc0154681,182890,"gemini, codex, openclaw, hermes",A8 video pipeline; DeerFlow public research receipts; Suno audio generation; YouTube channel and upload gates; A2 video search metadata; A3 social calendar,high,Loaded into handoff pack unless missing; use live API/UI for external system facts.
A8-FITNESS,MAPLAB_A8-FITNESS_SENIOR_FITNESS_FOLLOW_ALONG_DIRECTOR_DYNAMIC_ROLE_MODULE,AGENT_RULES.md,core governance,must_read,read,true,0e6152ddc7702ba02467da5dc63168c35ff0b6dfa911c6c91dbc0ae28bd86afb,68367,"gemini, codex, openclaw, hermes",A8 video pipeline; DeerFlow public research receipts; Suno audio generation; YouTube channel and upload gates; A2 video search metadata; A3 social calendar,high,Loaded into handoff pack unless missing; use live API/UI for external system facts.
A8-FITNESS,MAPLAB_A8-FITNESS_SENIOR_FITNESS_FOLLOW_ALONG_DIRECTOR_DYNAMIC_ROLE_MODULE,AGENT_STARTUP_PROTOCOL.md,core governance,must_read,read,true,bd8a0c28c16199c490b1e70395615801bb78442d2a1fce7c8e3f4de6ee7f8629,15026,"gemini, codex, openclaw, hermes",A8 video pipeline; DeerFlow public research receipts; Suno audio generation; YouTube channel and upload gates; A2 video search metadata; A3 social calendar,high,Loaded into handoff pack unless missing; use live API/UI for external system facts.
A8-FITNESS,MAPLAB_A8-FITNESS_SENIOR_FITNESS_FOLLOW_ALONG_DIRECTOR_DYNAMIC_ROLE_MODULE,pitfalls.md,core governance,must_read,read,true,947a3dcb898e36bbcb411a3f144f559d28b8aa2be3be1bdc1c81709cde3ad15a,145773,"gemini, codex, openclaw, hermes",A8 video pipeline; DeerFlow public research receipts; Suno audio generation; YouTube channel and upload gates; A2 video search metadata; A3 social calendar,high,Loaded into handoff pack unless missing; use live API/UI for external system facts.
A8-FITNESS,MAPLAB_A8-FITNESS_SENIOR_FITNESS_FOLLOW_ALONG_DIRECTOR_DYNAMIC_ROLE_MODULE,TASK_QUEUE.md,core governance,must_read,read,true,7735bfcdb9f2cc31f8938a4a16c9bdccded7be4647c17dc80e82887df00ddc39,5732,"gemini, codex, openclaw, hermes",A8 video pipeline; DeerFlow public research receipts; Suno audio generation; YouTube channel and upload gates; A2 video search metadata; A3 social calendar,high,Loaded into handoff pack unless missing; use live API/UI for external system facts.
A8-FITNESS,MAPLAB_A8-FITNESS_SENIOR_FITNESS_FOLLOW_ALONG_DIRECTOR_DYNAMIC_ROLE_MODULE,workbook/task_index.json,workbook artifact,must_read,read,true,a0a16a764e5db78fa40002dedccfafb5457b5e12d6eee37f9c2cdb14e9821be3,25422,"gemini, codex, openclaw, hermes",A8 video pipeline; DeerFlow public research receipts; Suno audio generation; YouTube channel and upload gates; A2 video search metadata; A3 social calendar,high,Loaded into handoff pack unless missing; use live API/UI for external system facts.
A8-FITNESS,MAPLAB_A8-FITNESS_SENIOR_FITNESS_FOLLOW_ALONG_DIRECTOR_DYNAMIC_ROLE_MODULE,AGENT_RECALL_PROMPTS.md,core governance,must_read,read,true,6af77fe389d20dac0079dfbf2954098d6c30d68c87fee4ae7c7cb8a1ad2f5722,81227,"gemini, codex, openclaw, hermes",A8 video pipeline; DeerFlow public research receipts; Suno audio generation; YouTube channel and upload gates; A2 video search metadata; A3 social calendar,high,Loaded into handoff pack unless missing; use live API/UI for external system facts.
A8-FITNESS,MAPLAB_A8-FITNESS_SENIOR_FITNESS_FOLLOW_ALONG_DIRECTOR_DYNAMIC_ROLE_MODULE,skills/superpowers-guide.md,skill / operating guide,must_read,read,true,8987b633b6f64545027e4744ec8ce3e8d85cf80127241dc79861dd5360407195,15373,"gemini, codex, openclaw, hermes",A8 video pipeline; DeerFlow public research receipts; Suno audio generation; YouTube channel and upload gates; A2 video search metadata; A3 social calendar,high,Loaded into handoff pack unless missing; use live API/UI for external system facts.
A8-FITNESS,MAPLAB_A8-FITNESS_SENIOR_FITNESS_FOLLOW_ALONG_DIRECTOR_DYNAMIC_ROLE_MODULE,skills/task-progress-guide.md,skill / operating guide,must_read,read,true,a0a8dce530f8b02cba8dba5cdd461d0c1e7a972373da867edebe06ec9b7b7eb5,10792,"gemini, codex, openclaw, hermes",A8 video pipeline; DeerFlow public research receipts; Suno audio generation; YouTube channel and upload gates; A2 video search metadata; A3 social calendar,high,Loaded into handoff pack unless missing; use live API/UI for external system facts.
A8-FITNESS,MAPLAB_A8-FITNESS_SENIOR_FITNESS_FOLLOW_ALONG_DIRECTOR_DYNAMIC_ROLE_MODULE,skills/session-lifecycle/SKILL.md,skill / operating guide,must_read,read,true,ba41f9ac9db25d3c3224a2ecd2e52cc74b989c8226bada767404034ec1eb76db,503,"gemini, codex, openclaw, hermes",A8 video pipeline; DeerFlow public research receipts; Suno audio generation; YouTube channel and upload gates; A2 video search metadata; A3 social calendar,high,Loaded into handoff pack unless missing; use live API/UI for external system facts.
A8-FITNESS,MAPLAB_A8-FITNESS_SENIOR_FITNESS_FOLLOW_ALONG_DIRECTOR_DYNAMIC_ROLE_MODULE,recalls/A8-FITNESS_recall.md,role recall prompt,must_read,read,true,bd979fa55c630c93144dd486b4b65179b85467912c8f7b9b9172687d8effa3a2,3053,"gemini, codex, openclaw, hermes",A8 video pipeline; DeerFlow public research receipts; Suno audio generation; YouTube channel and upload gates; A2 video search metadata; A3 social calendar,high,Loaded into handoff pack unless missing; use live API/UI for external system facts.
A8-FITNESS,MAPLAB_A8-FITNESS_SENIOR_FITNESS_FOLLOW_ALONG_DIRECTOR_DYNAMIC_ROLE_MODULE,handoff/tasks/T-A8-FITNESS-MVP-001.md,handoff or task card,must_read,read,true,4cfb5b24ac52695c36eaedfa148da15901e0e2982cba0e7fab300aef34bfad87,6416,"gemini, codex, openclaw, hermes",A8 video pipeline; DeerFlow public research receipts; Suno audio generation; YouTube channel and upload gates; A2 video search metadata; A3 social calendar,high,Loaded into handoff pack unless missing; use live API/UI for external system facts.
A8-FITNESS,MAPLAB_A8-FITNESS_SENIOR_FITNESS_FOLLOW_ALONG_DIRECTOR_DYNAMIC_ROLE_MODULE,projects/a8-senior-fitness-follow-along.md,project context,must_read,read,true,bfedd34a692cd9b9a30f47b0fa951a3b2c2ddd7fa825738b10cce57a063ca582,2389,"gemini, codex, openclaw, hermes",A8 video pipeline; DeerFlow public research receipts; Suno audio generation; YouTube channel and upload gates; A2 video search metadata; A3 social calendar,high,Loaded into handoff pack unless missing; use live API/UI for external system facts.
A8-FITNESS,MAPLAB_A8-FITNESS_SENIOR_FITNESS_FOLLOW_ALONG_DIRECTOR_DYNAMIC_ROLE_MODULE,skills/a8-senior-fitness-video-sop.md,skill / operating guide,must_read,read,true,c2400a050f9192f97e70a6e93564c7edf5a527e4594e9c02d716d5d57bb46883,3856,"gemini, codex, openclaw, hermes",A8 video pipeline; DeerFlow public research receipts; Suno audio generation; YouTube channel and upload gates; A2 video search metadata; A3 social calendar,high,Loaded into handoff pack unless missing; use live API/UI for external system facts.
A8-FITNESS,MAPLAB_A8-FITNESS_SENIOR_FITNESS_FOLLOW_ALONG_DIRECTOR_DYNAMIC_ROLE_MODULE,skills/a8-produce-to-publish-sop.md,skill / operating guide,must_read,read,true,32e7f391fb95f195772a7bc84e3f2da849d361c363947167fe84d463814bdfc6,39496,"gemini, codex, openclaw, hermes",A8 video pipeline; DeerFlow public research receipts; Suno audio generation; YouTube channel and upload gates; A2 video search metadata; A3 social calendar,high,Loaded into handoff pack unless missing; use live API/UI for external system facts.
A8-FITNESS,MAPLAB_A8-FITNESS_SENIOR_FITNESS_FOLLOW_ALONG_DIRECTOR_DYNAMIC_ROLE_MODULE,skills/a8-video-pipeline-skills.md,skill / operating guide,must_read,read,true,16efb1edaeff9978d10c08aae6e54ceb38a9707a429f35c9da4a844e4fddf448,23814,"gemini, codex, openclaw, hermes",A8 video pipeline; DeerFlow public research receipts; Suno audio generation; YouTube channel and upload gates; A2 video search metadata; A3 social calendar,high,Loaded into handoff pack unless missing; use live API/UI for external system facts.
A8-FITNESS,MAPLAB_A8-FITNESS_SENIOR_FITNESS_FOLLOW_ALONG_DIRECTOR_DYNAMIC_ROLE_MODULE,skills/brand-voice-guide.md,skill / operating guide,must_read,read,true,1d84f5057ccb65d4a524b1f00c903c3c39c704b19d375ce7b47708de18211141,11043,"gemini, codex, openclaw, hermes",A8 video pipeline; DeerFlow public research receipts; Suno audio generation; YouTube channel and upload gates; A2 video search metadata; A3 social calendar,high,Loaded into handoff pack unless missing; use live API/UI for external system facts.
A8-FITNESS,MAPLAB_A8-FITNESS_SENIOR_FITNESS_FOLLOW_ALONG_DIRECTOR_DYNAMIC_ROLE_MODULE,docs/openclaw/output-contract.md,governance or workflow document,must_read,read,true,368fad433ad22bf1f4fbeef3ef05d4baa179d4f9a93eff8f44639a4d430d03ba,1700,"gemini, codex, openclaw, hermes",A8 video pipeline; DeerFlow public research receipts; Suno audio generation; YouTube channel and upload gates; A2 video search metadata; A3 social calendar,high,Loaded into handoff pack unless missing; use live API/UI for external system facts.
A8-FITNESS,MAPLAB_A8-FITNESS_SENIOR_FITNESS_FOLLOW_ALONG_DIRECTOR_DYNAMIC_ROLE_MODULE,docs/openclaw/relation-graph.md,governance or workflow document,must_read,read,true,616551a8eb75ef2f74175902bdc6e13bd0af0d68409ca0ad6e70f5d0574bc197,1211,"gemini, codex, openclaw, hermes",A8 video pipeline; DeerFlow public research receipts; Suno audio generation; YouTube channel and upload gates; A2 video search metadata; A3 social calendar,high,Loaded into handoff pack unless missing; use live API/UI for external system facts.
A8-FITNESS,MAPLAB_A8-FITNESS_SENIOR_FITNESS_FOLLOW_ALONG_DIRECTOR_DYNAMIC_ROLE_MODULE,docs/openclaw/security-boundaries.md,governance or workflow document,must_read,read,true,b4426628c0f5ee1359f9c90fe1fc306321523f1d928fcf26db9c4ad95db63131,661,"gemini, codex, openclaw, hermes",A8 video pipeline; DeerFlow public research receipts; Suno audio generation; YouTube channel and upload gates; A2 video search metadata; A3 social calendar,high,Loaded into handoff pack unless missing; use live API/UI for external system facts.
A8-FITNESS,MAPLAB_A8-FITNESS_SENIOR_FITNESS_FOLLOW_ALONG_DIRECTOR_DYNAMIC_ROLE_MODULE,workbook/reviews/README.md,workbook artifact,must_read,read,true,91c65b9321e7f66e9ae0299d9f6832c3e01c8e8e6ef1c54daa3bc7f358691add,698,"gemini, codex, openclaw, hermes",A8 video pipeline; DeerFlow public research receipts; Suno audio generation; YouTube channel and upload gates; A2 video search metadata; A3 social calendar,high,Loaded into handoff pack unless missing; use live API/UI for external system facts.
B1,MAPLAB_B1_INVESTMENT_OS_BUILDER_DYNAMIC_ROLE_MODULE,CURRENT_STATUS.md,core governance,must_read,read,true,e586343ebb6e8363040aa5b16e74ab00158de395be06b9a18aff4afcc0154681,182890,"gemini, codex, openclaw, hermes",Chrome side panel; Investment OS repo/runtime surfaces; Telegram/Dashboard report surfaces; Investment OS investment logic prompt bridge; Investment OS owner profile summon context; B2 Reviewer; B3 Archivist; B4 System Patrol,high,Loaded into handoff pack unless missing; use live API/UI for external system facts.
B1,MAPLAB_B1_INVESTMENT_OS_BUILDER_DYNAMIC_ROLE_MODULE,AGENT_RULES.md,core governance,must_read,read,true,0e6152ddc7702ba02467da5dc63168c35ff0b6dfa911c6c91dbc0ae28bd86afb,68367,"gemini, codex, openclaw, hermes",Chrome side panel; Investment OS repo/runtime surfaces; Telegram/Dashboard report surfaces; Investment OS investment logic prompt bridge; Investment OS owner profile summon context; B2 Reviewer; B3 Archivist; B4 System Patrol,high,Loaded into handoff pack unless missing; use live API/UI for external system facts.
B1,MAPLAB_B1_INVESTMENT_OS_BUILDER_DYNAMIC_ROLE_MODULE,AGENT_STARTUP_PROTOCOL.md,core governance,must_read,read,true,bd8a0c28c16199c490b1e70395615801bb78442d2a1fce7c8e3f4de6ee7f8629,15026,"gemini, codex, openclaw, hermes",Chrome side panel; Investment OS repo/runtime surfaces; Telegram/Dashboard report surfaces; Investment OS investment logic prompt bridge; Investment OS owner profile summon context; B2 Reviewer; B3 Archivist; B4 System Patrol,high,Loaded into handoff pack unless missing; use live API/UI for external system facts.
B1,MAPLAB_B1_INVESTMENT_OS_BUILDER_DYNAMIC_ROLE_MODULE,pitfalls.md,core governance,must_read,read,true,947a3dcb898e36bbcb411a3f144f559d28b8aa2be3be1bdc1c81709cde3ad15a,145773,"gemini, codex, openclaw, hermes",Chrome side panel; Investment OS repo/runtime surfaces; Telegram/Dashboard report surfaces; Investment OS investment logic prompt bridge; Investment OS owner profile summon context; B2 Reviewer; B3 Archivist; B4 System Patrol,high,Loaded into handoff pack unless missing; use live API/UI for external system facts.
B1,MAPLAB_B1_INVESTMENT_OS_BUILDER_DYNAMIC_ROLE_MODULE,TASK_QUEUE.md,core governance,must_read,read,true,7735bfcdb9f2cc31f8938a4a16c9bdccded7be4647c17dc80e82887df00ddc39,5732,"gemini, codex, openclaw, hermes",Chrome side panel; Investment OS repo/runtime surfaces; Telegram/Dashboard report surfaces; Investment OS investment logic prompt bridge; Investment OS owner profile summon context; B2 Reviewer; B3 Archivist; B4 System Patrol,high,Loaded into handoff pack unless missing; use live API/UI for external system facts.
B1,MAPLAB_B1_INVESTMENT_OS_BUILDER_DYNAMIC_ROLE_MODULE,workbook/task_index.json,workbook artifact,must_read,read,true,a0a16a764e5db78fa40002dedccfafb5457b5e12d6eee37f9c2cdb14e9821be3,25422,"gemini, codex, openclaw, hermes",Chrome side panel; Investment OS repo/runtime surfaces; Telegram/Dashboard report surfaces; Investment OS investment logic prompt bridge; Investment OS owner profile summon context; B2 Reviewer; B3 Archivist; B4 System Patrol,high,Loaded into handoff pack unless missing; use live API/UI for external system facts.
B1,MAPLAB_B1_INVESTMENT_OS_BUILDER_DYNAMIC_ROLE_MODULE,AGENT_RECALL_PROMPTS.md,core governance,must_read,read,true,6af77fe389d20dac0079dfbf2954098d6c30d68c87fee4ae7c7cb8a1ad2f5722,81227,"gemini, codex, openclaw, hermes",Chrome side panel; Investment OS repo/runtime surfaces; Telegram/Dashboard report surfaces; Investment OS investment logic prompt bridge; Investment OS owner profile summon context; B2 Reviewer; B3 Archivist; B4 System Patrol,high,Loaded into handoff pack unless missing; use live API/UI for external system facts.
B1,MAPLAB_B1_INVESTMENT_OS_BUILDER_DYNAMIC_ROLE_MODULE,skills/superpowers-guide.md,skill / operating guide,must_read,read,true,8987b633b6f64545027e4744ec8ce3e8d85cf80127241dc79861dd5360407195,15373,"gemini, codex, openclaw, hermes",Chrome side panel; Investment OS repo/runtime surfaces; Telegram/Dashboard report surfaces; Investment OS investment logic prompt bridge; Investment OS owner profile summon context; B2 Reviewer; B3 Archivist; B4 System Patrol,high,Loaded into handoff pack unless missing; use live API/UI for external system facts.
B1,MAPLAB_B1_INVESTMENT_OS_BUILDER_DYNAMIC_ROLE_MODULE,skills/task-progress-guide.md,skill / operating guide,must_read,read,true,a0a8dce530f8b02cba8dba5cdd461d0c1e7a972373da867edebe06ec9b7b7eb5,10792,"gemini, codex, openclaw, hermes",Chrome side panel; Investment OS repo/runtime surfaces; Telegram/Dashboard report surfaces; Investment OS investment logic prompt bridge; Investment OS owner profile summon context; B2 Reviewer; B3 Archivist; B4 System Patrol,high,Loaded into handoff pack unless missing; use live API/UI for external system facts.
B1,MAPLAB_B1_INVESTMENT_OS_BUILDER_DYNAMIC_ROLE_MODULE,skills/session-lifecycle/SKILL.md,skill / operating guide,must_read,read,true,ba41f9ac9db25d3c3224a2ecd2e52cc74b989c8226bada767404034ec1eb76db,503,"gemini, codex, openclaw, hermes",Chrome side panel; Investment OS repo/runtime surfaces; Telegram/Dashboard report surfaces; Investment OS investment logic prompt bridge; Investment OS owner profile summon context; B2 Reviewer; B3 Archivist; B4 System Patrol,high,Loaded into handoff pack unless missing; use live API/UI for external system facts.
B1,MAPLAB_B1_INVESTMENT_OS_BUILDER_DYNAMIC_ROLE_MODULE,recalls/B1_recall.md,role recall prompt,must_read,read,true,ba2c3c2b2db28cb6e83e6438013c2e12debaaee045a881cec67c27eb7357cc65,3157,"gemini, codex, openclaw, hermes",Chrome side panel; Investment OS repo/runtime surfaces; Telegram/Dashboard report surfaces; Investment OS investment logic prompt bridge; Investment OS owner profile summon context; B2 Reviewer; B3 Archivist; B4 System Patrol,high,Loaded into handoff pack unless missing; use live API/UI for external system facts.
B1,MAPLAB_B1_INVESTMENT_OS_BUILDER_DYNAMIC_ROLE_MODULE,projects/invest-os-b-role-system.md,project context,must_read,read,true,269002d9b85698340ad88ba20ad37321f8231c86512e6970af1010e7cb99ac2b,5367,"gemini, codex, openclaw, hermes",Chrome side panel; Investment OS repo/runtime surfaces; Telegram/Dashboard report surfaces; Investment OS investment logic prompt bridge; Investment OS owner profile summon context; B2 Reviewer; B3 Archivist; B4 System Patrol,high,Loaded into handoff pack unless missing; use live API/UI for external system facts.
B1,MAPLAB_B1_INVESTMENT_OS_BUILDER_DYNAMIC_ROLE_MODULE,projects/b1-invest-os-builder.md,project context,must_read,read,true,3e238b1f1fac34f24d8fcb548c3476588c605f20a3d0783a39f4f10609179553,1729,"gemini, codex, openclaw, hermes",Chrome side panel; Investment OS repo/runtime surfaces; Telegram/Dashboard report surfaces; Investment OS investment logic prompt bridge; Investment OS owner profile summon context; B2 Reviewer; B3 Archivist; B4 System Patrol,high,Loaded into handoff pack unless missing; use live API/UI for external system facts.
B1,MAPLAB_B1_INVESTMENT_OS_BUILDER_DYNAMIC_ROLE_MODULE,handoff/tasks/T-B1-B4-investment-os-role-split.md,handoff or task card,must_read,read,true,c089afb5e12b5277822a218ba6f76a4e7ff0a7aec94db194bb9d76c860f05a86,4325,"gemini, codex, openclaw, hermes",Chrome side panel; Investment OS repo/runtime surfaces; Telegram/Dashboard report surfaces; Investment OS investment logic prompt bridge; Investment OS owner profile summon context; B2 Reviewer; B3 Archivist; B4 System Patrol,high,Loaded into handoff pack unless missing; use live API/UI for external system facts.
B1,MAPLAB_B1_INVESTMENT_OS_BUILDER_DYNAMIC_ROLE_MODULE,projects/b1-cross-project-governance-advisor.md,project context,must_read,read,true,e9384ec355c21d0458226fb36d9cd8e709d9621b4283d8d6e671edf783f526d9,8035,"gemini, codex, openclaw, hermes",Chrome side panel; Investment OS repo/runtime surfaces; Telegram/Dashboard report surfaces; Investment OS investment logic prompt bridge; Investment OS owner profile summon context; B2 Reviewer; B3 Archivist; B4 System Patrol,high,Loaded into handoff pack unless missing; use live API/UI for external system facts.
B1,MAPLAB_B1_INVESTMENT_OS_BUILDER_DYNAMIC_ROLE_MODULE,projects/b1-investment-logic-bridge.md,project context,must_read,read,true,6fdb5173f5ae4f9985a1cfe6bec8eaa943f0a0eacd6c93e54afbeb89c7f3086c,11985,"gemini, codex, openclaw, hermes",Chrome side panel; Investment OS repo/runtime surfaces; Telegram/Dashboard report surfaces; Investment OS investment logic prompt bridge; Investment OS owner profile summon context; B2 Reviewer; B3 Archivist; B4 System Patrol,high,Loaded into handoff pack unless missing; use live API/UI for external system facts.
B1,MAPLAB_B1_INVESTMENT_OS_BUILDER_DYNAMIC_ROLE_MODULE,projects/b1-investment-os-owner-persona-canonical.md,project context,must_read,read,true,fe7aacd09e9b6d2212848427ba57da42f37d31663af0d18c6f8e18c16b6a51a5,17923,"gemini, codex, openclaw, hermes",Chrome side panel; Investment OS repo/runtime surfaces; Telegram/Dashboard report surfaces; Investment OS investment logic prompt bridge; Investment OS owner profile summon context; B2 Reviewer; B3 Archivist; B4 System Patrol,high,Loaded into handoff pack unless missing; use live API/UI for external system facts.
B1,MAPLAB_B1_INVESTMENT_OS_BUILDER_DYNAMIC_ROLE_MODULE,projects/b1-investment-os-owner-profile.md,project context,must_read,read,true,574d5b2bd4b0d023ea54aa330ed19f12b949d359b3e27f021865f6453e59bac8,11021,"gemini, codex, openclaw, hermes",Chrome side panel; Investment OS repo/runtime surfaces; Telegram/Dashboard report surfaces; Investment OS investment logic prompt bridge; Investment OS owner profile summon context; B2 Reviewer; B3 Archivist; B4 System Patrol,high,Loaded into handoff pack unless missing; use live API/UI for external system facts.
B1,MAPLAB_B1_INVESTMENT_OS_BUILDER_DYNAMIC_ROLE_MODULE,handoff/tasks/T-B1-001.md,handoff or task card,must_read,read,true,9e46d11d094a2cf7c70b4ecd7115e8fdd9903c9a1413a00eec2301b6b952cc0a,5935,"gemini, codex, openclaw, hermes",Chrome side panel; Investment OS repo/runtime surfaces; Telegram/Dashboard report surfaces; Investment OS investment logic prompt bridge; Investment OS owner profile summon context; B2 Reviewer; B3 Archivist; B4 System Patrol,high,Loaded into handoff pack unless missing; use live API/UI for external system facts.
B1,MAPLAB_B1_INVESTMENT_OS_BUILDER_DYNAMIC_ROLE_MODULE,skills/invest-os-b-role-system.md,skill / operating guide,must_read,read,true,9510ccd11d25511de43c4119d303c6e24a3cb209b677f3a491278c3e8a3641fc,1751,"gemini, codex, openclaw, hermes",Chrome side panel; Investment OS repo/runtime surfaces; Telegram/Dashboard report surfaces; Investment OS investment logic prompt bridge; Investment OS owner profile summon context; B2 Reviewer; B3 Archivist; B4 System Patrol,high,Loaded into handoff pack unless missing; use live API/UI for external system facts.
B1,MAPLAB_B1_INVESTMENT_OS_BUILDER_DYNAMIC_ROLE_MODULE,docs/openclaw/output-contract.md,governance or workflow document,must_read,read,true,368fad433ad22bf1f4fbeef3ef05d4baa179d4f9a93eff8f44639a4d430d03ba,1700,"gemini, codex, openclaw, hermes",Chrome side panel; Investment OS repo/runtime surfaces; Telegram/Dashboard report surfaces; Investment OS investment logic prompt bridge; Investment OS owner profile summon context; B2 Reviewer; B3 Archivist; B4 System Patrol,high,Loaded into handoff pack unless missing; use live API/UI for external system facts.
B1,MAPLAB_B1_INVESTMENT_OS_BUILDER_DYNAMIC_ROLE_MODULE,docs/openclaw/relation-graph.md,governance or workflow document,must_read,read,true,616551a8eb75ef2f74175902bdc6e13bd0af0d68409ca0ad6e70f5d0574bc197,1211,"gemini, codex, openclaw, hermes",Chrome side panel; Investment OS repo/runtime surfaces; Telegram/Dashboard report surfaces; Investment OS investment logic prompt bridge; Investment OS owner profile summon context; B2 Reviewer; B3 Archivist; B4 System Patrol,high,Loaded into handoff pack unless missing; use live API/UI for external system facts.
B1,MAPLAB_B1_INVESTMENT_OS_BUILDER_DYNAMIC_ROLE_MODULE,docs/openclaw/security-boundaries.md,governance or workflow document,must_read,read,true,b4426628c0f5ee1359f9c90fe1fc306321523f1d928fcf26db9c4ad95db63131,661,"gemini, codex, openclaw, hermes",Chrome side panel; Investment OS repo/runtime surfaces; Telegram/Dashboard report surfaces; Investment OS investment logic prompt bridge; Investment OS owner profile summon context; B2 Reviewer; B3 Archivist; B4 System Patrol,high,Loaded into handoff pack unless missing; use live API/UI for external system facts.
B1,MAPLAB_B1_INVESTMENT_OS_BUILDER_DYNAMIC_ROLE_MODULE,workbook/reviews/README.md,workbook artifact,must_read,read,true,91c65b9321e7f66e9ae0299d9f6832c3e01c8e8e6ef1c54daa3bc7f358691add,698,"gemini, codex, openclaw, hermes",Chrome side panel; Investment OS repo/runtime surfaces; Telegram/Dashboard report surfaces; Investment OS investment logic prompt bridge; Investment OS owner profile summon context; B2 Reviewer; B3 Archivist; B4 System Patrol,high,Loaded into handoff pack unless missing; use live API/UI for external system facts.
B2,MAPLAB_B2_INVESTMENT_OS_REVIEWER_DYNAMIC_ROLE_MODULE,CURRENT_STATUS.md,core governance,must_read,read,true,e586343ebb6e8363040aa5b16e74ab00158de395be06b9a18aff4afcc0154681,182890,"gemini, codex, openclaw, hermes",Investment OS dataflow; Telegram/Dashboard report surfaces; OpenClaw report contracts; B1 Builder review request; B3 Archivist handoff; Chrome side panel,medium,Loaded into handoff pack unless missing; use live API/UI for external system facts.
B2,MAPLAB_B2_INVESTMENT_OS_REVIEWER_DYNAMIC_ROLE_MODULE,AGENT_RULES.md,core governance,must_read,read,true,0e6152ddc7702ba02467da5dc63168c35ff0b6dfa911c6c91dbc0ae28bd86afb,68367,"gemini, codex, openclaw, hermes",Investment OS dataflow; Telegram/Dashboard report surfaces; OpenClaw report contracts; B1 Builder review request; B3 Archivist handoff; Chrome side panel,medium,Loaded into handoff pack unless missing; use live API/UI for external system facts.
B2,MAPLAB_B2_INVESTMENT_OS_REVIEWER_DYNAMIC_ROLE_MODULE,AGENT_STARTUP_PROTOCOL.md,core governance,must_read,read,true,bd8a0c28c16199c490b1e70395615801bb78442d2a1fce7c8e3f4de6ee7f8629,15026,"gemini, codex, openclaw, hermes",Investment OS dataflow; Telegram/Dashboard report surfaces; OpenClaw report contracts; B1 Builder review request; B3 Archivist handoff; Chrome side panel,medium,Loaded into handoff pack unless missing; use live API/UI for external system facts.
B2,MAPLAB_B2_INVESTMENT_OS_REVIEWER_DYNAMIC_ROLE_MODULE,pitfalls.md,core governance,must_read,read,true,947a3dcb898e36bbcb411a3f144f559d28b8aa2be3be1bdc1c81709cde3ad15a,145773,"gemini, codex, openclaw, hermes",Investment OS dataflow; Telegram/Dashboard report surfaces; OpenClaw report contracts; B1 Builder review request; B3 Archivist handoff; Chrome side panel,medium,Loaded into handoff pack unless missing; use live API/UI for external system facts.
B2,MAPLAB_B2_INVESTMENT_OS_REVIEWER_DYNAMIC_ROLE_MODULE,TASK_QUEUE.md,core governance,must_read,read,true,7735bfcdb9f2cc31f8938a4a16c9bdccded7be4647c17dc80e82887df00ddc39,5732,"gemini, codex, openclaw, hermes",Investment OS dataflow; Telegram/Dashboard report surfaces; OpenClaw report contracts; B1 Builder review request; B3 Archivist handoff; Chrome side panel,medium,Loaded into handoff pack unless missing; use live API/UI for external system facts.
B2,MAPLAB_B2_INVESTMENT_OS_REVIEWER_DYNAMIC_ROLE_MODULE,workbook/task_index.json,workbook artifact,must_read,read,true,a0a16a764e5db78fa40002dedccfafb5457b5e12d6eee37f9c2cdb14e9821be3,25422,"gemini, codex, openclaw, hermes",Investment OS dataflow; Telegram/Dashboard report surfaces; OpenClaw report contracts; B1 Builder review request; B3 Archivist handoff; Chrome side panel,medium,Loaded into handoff pack unless missing; use live API/UI for external system facts.
B2,MAPLAB_B2_INVESTMENT_OS_REVIEWER_DYNAMIC_ROLE_MODULE,AGENT_RECALL_PROMPTS.md,core governance,must_read,read,true,6af77fe389d20dac0079dfbf2954098d6c30d68c87fee4ae7c7cb8a1ad2f5722,81227,"gemini, codex, openclaw, hermes",Investment OS dataflow; Telegram/Dashboard report surfaces; OpenClaw report contracts; B1 Builder review request; B3 Archivist handoff; Chrome side panel,medium,Loaded into handoff pack unless missing; use live API/UI for external system facts.
B2,MAPLAB_B2_INVESTMENT_OS_REVIEWER_DYNAMIC_ROLE_MODULE,skills/superpowers-guide.md,skill / operating guide,must_read,read,true,8987b633b6f64545027e4744ec8ce3e8d85cf80127241dc79861dd5360407195,15373,"gemini, codex, openclaw, hermes",Investment OS dataflow; Telegram/Dashboard report surfaces; OpenClaw report contracts; B1 Builder review request; B3 Archivist handoff; Chrome side panel,medium,Loaded into handoff pack unless missing; use live API/UI for external system facts.
B2,MAPLAB_B2_INVESTMENT_OS_REVIEWER_DYNAMIC_ROLE_MODULE,skills/task-progress-guide.md,skill / operating guide,must_read,read,true,a0a8dce530f8b02cba8dba5cdd461d0c1e7a972373da867edebe06ec9b7b7eb5,10792,"gemini, codex, openclaw, hermes",Investment OS dataflow; Telegram/Dashboard report surfaces; OpenClaw report contracts; B1 Builder review request; B3 Archivist handoff; Chrome side panel,medium,Loaded into handoff pack unless missing; use live API/UI for external system facts.
B2,MAPLAB_B2_INVESTMENT_OS_REVIEWER_DYNAMIC_ROLE_MODULE,skills/session-lifecycle/SKILL.md,skill / operating guide,must_read,read,true,ba41f9ac9db25d3c3224a2ecd2e52cc74b989c8226bada767404034ec1eb76db,503,"gemini, codex, openclaw, hermes",Investment OS dataflow; Telegram/Dashboard report surfaces; OpenClaw report contracts; B1 Builder review request; B3 Archivist handoff; Chrome side panel,medium,Loaded into handoff pack unless missing; use live API/UI for external system facts.
B2,MAPLAB_B2_INVESTMENT_OS_REVIEWER_DYNAMIC_ROLE_MODULE,recalls/B2_recall.md,role recall prompt,must_read,read,true,090abc65c3aa6ea7978ef06c28d3b2a433654eff6d25dd442439abc4bf16b60e,2370,"gemini, codex, openclaw, hermes",Investment OS dataflow; Telegram/Dashboard report surfaces; OpenClaw report contracts; B1 Builder review request; B3 Archivist handoff; Chrome side panel,medium,Loaded into handoff pack unless missing; use live API/UI for external system facts.
B2,MAPLAB_B2_INVESTMENT_OS_REVIEWER_DYNAMIC_ROLE_MODULE,projects/invest-os-b-role-system.md,project context,must_read,read,true,269002d9b85698340ad88ba20ad37321f8231c86512e6970af1010e7cb99ac2b,5367,"gemini, codex, openclaw, hermes",Investment OS dataflow; Telegram/Dashboard report surfaces; OpenClaw report contracts; B1 Builder review request; B3 Archivist handoff; Chrome side panel,medium,Loaded into handoff pack unless missing; use live API/UI for external system facts.
B2,MAPLAB_B2_INVESTMENT_OS_REVIEWER_DYNAMIC_ROLE_MODULE,projects/b2-invest-os-reviewer.md,project context,must_read,read,true,b4cf99bfd78e46b1043a75fbaed5d90122faa0372a2b127c4ec05d3398e01f06,1862,"gemini, codex, openclaw, hermes",Investment OS dataflow; Telegram/Dashboard report surfaces; OpenClaw report contracts; B1 Builder review request; B3 Archivist handoff; Chrome side panel,medium,Loaded into handoff pack unless missing; use live API/UI for external system facts.
B2,MAPLAB_B2_INVESTMENT_OS_REVIEWER_DYNAMIC_ROLE_MODULE,handoff/tasks/T-B1-B4-investment-os-role-split.md,handoff or task card,must_read,read,true,c089afb5e12b5277822a218ba6f76a4e7ff0a7aec94db194bb9d76c860f05a86,4325,"gemini, codex, openclaw, hermes",Investment OS dataflow; Telegram/Dashboard report surfaces; OpenClaw report contracts; B1 Builder review request; B3 Archivist handoff; Chrome side panel,medium,Loaded into handoff pack unless missing; use live API/UI for external system facts.
B2,MAPLAB_B2_INVESTMENT_OS_REVIEWER_DYNAMIC_ROLE_MODULE,projects/b1-investment-logic-bridge.md,project context,must_read,read,true,6fdb5173f5ae4f9985a1cfe6bec8eaa943f0a0eacd6c93e54afbeb89c7f3086c,11985,"gemini, codex, openclaw, hermes",Investment OS dataflow; Telegram/Dashboard report surfaces; OpenClaw report contracts; B1 Builder review request; B3 Archivist handoff; Chrome side panel,medium,Loaded into handoff pack unless missing; use live API/UI for external system facts.
B2,MAPLAB_B2_INVESTMENT_OS_REVIEWER_DYNAMIC_ROLE_MODULE,projects/b1-investment-os-owner-persona-canonical.md,project context,must_read,read,true,fe7aacd09e9b6d2212848427ba57da42f37d31663af0d18c6f8e18c16b6a51a5,17923,"gemini, codex, openclaw, hermes",Investment OS dataflow; Telegram/Dashboard report surfaces; OpenClaw report contracts; B1 Builder review request; B3 Archivist handoff; Chrome side panel,medium,Loaded into handoff pack unless missing; use live API/UI for external system facts.
B2,MAPLAB_B2_INVESTMENT_OS_REVIEWER_DYNAMIC_ROLE_MODULE,projects/b1-investment-os-owner-profile.md,project context,must_read,read,true,574d5b2bd4b0d023ea54aa330ed19f12b949d359b3e27f021865f6453e59bac8,11021,"gemini, codex, openclaw, hermes",Investment OS dataflow; Telegram/Dashboard report surfaces; OpenClaw report contracts; B1 Builder review request; B3 Archivist handoff; Chrome side panel,medium,Loaded into handoff pack unless missing; use live API/UI for external system facts.
B2,MAPLAB_B2_INVESTMENT_OS_REVIEWER_DYNAMIC_ROLE_MODULE,skills/invest-os-b-role-system.md,skill / operating guide,must_read,read,true,9510ccd11d25511de43c4119d303c6e24a3cb209b677f3a491278c3e8a3641fc,1751,"gemini, codex, openclaw, hermes",Investment OS dataflow; Telegram/Dashboard report surfaces; OpenClaw report contracts; B1 Builder review request; B3 Archivist handoff; Chrome side panel,medium,Loaded into handoff pack unless missing; use live API/UI for external system facts.
B2,MAPLAB_B2_INVESTMENT_OS_REVIEWER_DYNAMIC_ROLE_MODULE,docs/openclaw/output-contract.md,governance or workflow document,must_read,read,true,368fad433ad22bf1f4fbeef3ef05d4baa179d4f9a93eff8f44639a4d430d03ba,1700,"gemini, codex, openclaw, hermes",Investment OS dataflow; Telegram/Dashboard report surfaces; OpenClaw report contracts; B1 Builder review request; B3 Archivist handoff; Chrome side panel,medium,Loaded into handoff pack unless missing; use live API/UI for external system facts.
B2,MAPLAB_B2_INVESTMENT_OS_REVIEWER_DYNAMIC_ROLE_MODULE,docs/openclaw/relation-graph.md,governance or workflow document,must_read,read,true,616551a8eb75ef2f74175902bdc6e13bd0af0d68409ca0ad6e70f5d0574bc197,1211,"gemini, codex, openclaw, hermes",Investment OS dataflow; Telegram/Dashboard report surfaces; OpenClaw report contracts; B1 Builder review request; B3 Archivist handoff; Chrome side panel,medium,Loaded into handoff pack unless missing; use live API/UI for external system facts.
B2,MAPLAB_B2_INVESTMENT_OS_REVIEWER_DYNAMIC_ROLE_MODULE,docs/openclaw/security-boundaries.md,governance or workflow document,must_read,read,true,b4426628c0f5ee1359f9c90fe1fc306321523f1d928fcf26db9c4ad95db63131,661,"gemini, codex, openclaw, hermes",Investment OS dataflow; Telegram/Dashboard report surfaces; OpenClaw report contracts; B1 Builder review request; B3 Archivist handoff; Chrome side panel,medium,Loaded into handoff pack unless missing; use live API/UI for external system facts.
B2,MAPLAB_B2_INVESTMENT_OS_REVIEWER_DYNAMIC_ROLE_MODULE,workbook/reviews/README.md,workbook artifact,must_read,read,true,91c65b9321e7f66e9ae0299d9f6832c3e01c8e8e6ef1c54daa3bc7f358691add,698,"gemini, codex, openclaw, hermes",Investment OS dataflow; Telegram/Dashboard report surfaces; OpenClaw report contracts; B1 Builder review request; B3 Archivist handoff; Chrome side panel,medium,Loaded into handoff pack unless missing; use live API/UI for external system facts.
B3,MAPLAB_B3_INVESTMENT_OS_ARCHIVIST_DYNAMIC_ROLE_MODULE,CURRENT_STATUS.md,core governance,must_read,read,true,e586343ebb6e8363040aa5b16e74ab00158de395be06b9a18aff4afcc0154681,182890,"gemini, codex, openclaw, hermes",CURRENT_STATUS.md; handoff/tasks; workbook/reviews; pitfalls.md; B1/B2/B4 handoff quality; Chrome side panel,medium,Loaded into handoff pack unless missing; use live API/UI for external system facts.
B3,MAPLAB_B3_INVESTMENT_OS_ARCHIVIST_DYNAMIC_ROLE_MODULE,AGENT_RULES.md,core governance,must_read,read,true,0e6152ddc7702ba02467da5dc63168c35ff0b6dfa911c6c91dbc0ae28bd86afb,68367,"gemini, codex, openclaw, hermes",CURRENT_STATUS.md; handoff/tasks; workbook/reviews; pitfalls.md; B1/B2/B4 handoff quality; Chrome side panel,medium,Loaded into handoff pack unless missing; use live API/UI for external system facts.
B3,MAPLAB_B3_INVESTMENT_OS_ARCHIVIST_DYNAMIC_ROLE_MODULE,AGENT_STARTUP_PROTOCOL.md,core governance,must_read,read,true,bd8a0c28c16199c490b1e70395615801bb78442d2a1fce7c8e3f4de6ee7f8629,15026,"gemini, codex, openclaw, hermes",CURRENT_STATUS.md; handoff/tasks; workbook/reviews; pitfalls.md; B1/B2/B4 handoff quality; Chrome side panel,medium,Loaded into handoff pack unless missing; use live API/UI for external system facts.
B3,MAPLAB_B3_INVESTMENT_OS_ARCHIVIST_DYNAMIC_ROLE_MODULE,pitfalls.md,core governance,must_read,read,true,947a3dcb898e36bbcb411a3f144f559d28b8aa2be3be1bdc1c81709cde3ad15a,145773,"gemini, codex, openclaw, hermes",CURRENT_STATUS.md; handoff/tasks; workbook/reviews; pitfalls.md; B1/B2/B4 handoff quality; Chrome side panel,medium,Loaded into handoff pack unless missing; use live API/UI for external system facts.
B3,MAPLAB_B3_INVESTMENT_OS_ARCHIVIST_DYNAMIC_ROLE_MODULE,TASK_QUEUE.md,core governance,must_read,read,true,7735bfcdb9f2cc31f8938a4a16c9bdccded7be4647c17dc80e82887df00ddc39,5732,"gemini, codex, openclaw, hermes",CURRENT_STATUS.md; handoff/tasks; workbook/reviews; pitfalls.md; B1/B2/B4 handoff quality; Chrome side panel,medium,Loaded into handoff pack unless missing; use live API/UI for external system facts.
B3,MAPLAB_B3_INVESTMENT_OS_ARCHIVIST_DYNAMIC_ROLE_MODULE,workbook/task_index.json,workbook artifact,must_read,read,true,a0a16a764e5db78fa40002dedccfafb5457b5e12d6eee37f9c2cdb14e9821be3,25422,"gemini, codex, openclaw, hermes",CURRENT_STATUS.md; handoff/tasks; workbook/reviews; pitfalls.md; B1/B2/B4 handoff quality; Chrome side panel,medium,Loaded into handoff pack unless missing; use live API/UI for external system facts.
B3,MAPLAB_B3_INVESTMENT_OS_ARCHIVIST_DYNAMIC_ROLE_MODULE,AGENT_RECALL_PROMPTS.md,core governance,must_read,read,true,6af77fe389d20dac0079dfbf2954098d6c30d68c87fee4ae7c7cb8a1ad2f5722,81227,"gemini, codex, openclaw, hermes",CURRENT_STATUS.md; handoff/tasks; workbook/reviews; pitfalls.md; B1/B2/B4 handoff quality; Chrome side panel,medium,Loaded into handoff pack unless missing; use live API/UI for external system facts.
B3,MAPLAB_B3_INVESTMENT_OS_ARCHIVIST_DYNAMIC_ROLE_MODULE,skills/superpowers-guide.md,skill / operating guide,must_read,read,true,8987b633b6f64545027e4744ec8ce3e8d85cf80127241dc79861dd5360407195,15373,"gemini, codex, openclaw, hermes",CURRENT_STATUS.md; handoff/tasks; workbook/reviews; pitfalls.md; B1/B2/B4 handoff quality; Chrome side panel,medium,Loaded into handoff pack unless missing; use live API/UI for external system facts.
B3,MAPLAB_B3_INVESTMENT_OS_ARCHIVIST_DYNAMIC_ROLE_MODULE,skills/task-progress-guide.md,skill / operating guide,must_read,read,true,a0a8dce530f8b02cba8dba5cdd461d0c1e7a972373da867edebe06ec9b7b7eb5,10792,"gemini, codex, openclaw, hermes",CURRENT_STATUS.md; handoff/tasks; workbook/reviews; pitfalls.md; B1/B2/B4 handoff quality; Chrome side panel,medium,Loaded into handoff pack unless missing; use live API/UI for external system facts.
B3,MAPLAB_B3_INVESTMENT_OS_ARCHIVIST_DYNAMIC_ROLE_MODULE,skills/session-lifecycle/SKILL.md,skill / operating guide,must_read,read,true,ba41f9ac9db25d3c3224a2ecd2e52cc74b989c8226bada767404034ec1eb76db,503,"gemini, codex, openclaw, hermes",CURRENT_STATUS.md; handoff/tasks; workbook/reviews; pitfalls.md; B1/B2/B4 handoff quality; Chrome side panel,medium,Loaded into handoff pack unless missing; use live API/UI for external system facts.
B3,MAPLAB_B3_INVESTMENT_OS_ARCHIVIST_DYNAMIC_ROLE_MODULE,recalls/B3_recall.md,role recall prompt,must_read,read,true,31c2a6bcef986e073c8a397ec705c56d8dad48e05c1f45cd2e2f8e4c962cc92f,1827,"gemini, codex, openclaw, hermes",CURRENT_STATUS.md; handoff/tasks; workbook/reviews; pitfalls.md; B1/B2/B4 handoff quality; Chrome side panel,medium,Loaded into handoff pack unless missing; use live API/UI for external system facts.
B3,MAPLAB_B3_INVESTMENT_OS_ARCHIVIST_DYNAMIC_ROLE_MODULE,projects/invest-os-b-role-system.md,project context,must_read,read,true,269002d9b85698340ad88ba20ad37321f8231c86512e6970af1010e7cb99ac2b,5367,"gemini, codex, openclaw, hermes",CURRENT_STATUS.md; handoff/tasks; workbook/reviews; pitfalls.md; B1/B2/B4 handoff quality; Chrome side panel,medium,Loaded into handoff pack unless missing; use live API/UI for external system facts.
B3,MAPLAB_B3_INVESTMENT_OS_ARCHIVIST_DYNAMIC_ROLE_MODULE,projects/b3-invest-os-archivist.md,project context,must_read,read,true,c7cbf8ee3c7b24896a2527b488e2e72e1baeb289815a9cfb6045f121af1ee3b3,1719,"gemini, codex, openclaw, hermes",CURRENT_STATUS.md; handoff/tasks; workbook/reviews; pitfalls.md; B1/B2/B4 handoff quality; Chrome side panel,medium,Loaded into handoff pack unless missing; use live API/UI for external system facts.
B3,MAPLAB_B3_INVESTMENT_OS_ARCHIVIST_DYNAMIC_ROLE_MODULE,handoff/tasks/T-B1-B4-investment-os-role-split.md,handoff or task card,must_read,read,true,c089afb5e12b5277822a218ba6f76a4e7ff0a7aec94db194bb9d76c860f05a86,4325,"gemini, codex, openclaw, hermes",CURRENT_STATUS.md; handoff/tasks; workbook/reviews; pitfalls.md; B1/B2/B4 handoff quality; Chrome side panel,medium,Loaded into handoff pack unless missing; use live API/UI for external system facts.
B3,MAPLAB_B3_INVESTMENT_OS_ARCHIVIST_DYNAMIC_ROLE_MODULE,workbook/reviews/README.md,workbook artifact,must_read,read,true,91c65b9321e7f66e9ae0299d9f6832c3e01c8e8e6ef1c54daa3bc7f358691add,698,"gemini, codex, openclaw, hermes",CURRENT_STATUS.md; handoff/tasks; workbook/reviews; pitfalls.md; B1/B2/B4 handoff quality; Chrome side panel,medium,Loaded into handoff pack unless missing; use live API/UI for external system facts.
B3,MAPLAB_B3_INVESTMENT_OS_ARCHIVIST_DYNAMIC_ROLE_MODULE,projects/b1-investment-logic-bridge.md,project context,must_read,read,true,6fdb5173f5ae4f9985a1cfe6bec8eaa943f0a0eacd6c93e54afbeb89c7f3086c,11985,"gemini, codex, openclaw, hermes",CURRENT_STATUS.md; handoff/tasks; workbook/reviews; pitfalls.md; B1/B2/B4 handoff quality; Chrome side panel,medium,Loaded into handoff pack unless missing; use live API/UI for external system facts.
B3,MAPLAB_B3_INVESTMENT_OS_ARCHIVIST_DYNAMIC_ROLE_MODULE,skills/invest-os-b-role-system.md,skill / operating guide,must_read,read,true,9510ccd11d25511de43c4119d303c6e24a3cb209b677f3a491278c3e8a3641fc,1751,"gemini, codex, openclaw, hermes",CURRENT_STATUS.md; handoff/tasks; workbook/reviews; pitfalls.md; B1/B2/B4 handoff quality; Chrome side panel,medium,Loaded into handoff pack unless missing; use live API/UI for external system facts.
B3,MAPLAB_B3_INVESTMENT_OS_ARCHIVIST_DYNAMIC_ROLE_MODULE,docs/openclaw/output-contract.md,governance or workflow document,must_read,read,true,368fad433ad22bf1f4fbeef3ef05d4baa179d4f9a93eff8f44639a4d430d03ba,1700,"gemini, codex, openclaw, hermes",CURRENT_STATUS.md; handoff/tasks; workbook/reviews; pitfalls.md; B1/B2/B4 handoff quality; Chrome side panel,medium,Loaded into handoff pack unless missing; use live API/UI for external system facts.
B3,MAPLAB_B3_INVESTMENT_OS_ARCHIVIST_DYNAMIC_ROLE_MODULE,docs/openclaw/relation-graph.md,governance or workflow document,must_read,read,true,616551a8eb75ef2f74175902bdc6e13bd0af0d68409ca0ad6e70f5d0574bc197,1211,"gemini, codex, openclaw, hermes",CURRENT_STATUS.md; handoff/tasks; workbook/reviews; pitfalls.md; B1/B2/B4 handoff quality; Chrome side panel,medium,Loaded into handoff pack unless missing; use live API/UI for external system facts.
B3,MAPLAB_B3_INVESTMENT_OS_ARCHIVIST_DYNAMIC_ROLE_MODULE,docs/openclaw/security-boundaries.md,governance or workflow document,must_read,read,true,b4426628c0f5ee1359f9c90fe1fc306321523f1d928fcf26db9c4ad95db63131,661,"gemini, codex, openclaw, hermes",CURRENT_STATUS.md; handoff/tasks; workbook/reviews; pitfalls.md; B1/B2/B4 handoff quality; Chrome side panel,medium,Loaded into handoff pack unless missing; use live API/UI for external system facts.
B4,MAPLAB_B4_INVESTMENT_OS_SYSTEM_PATROL_DYNAMIC_ROLE_MODULE,CURRENT_STATUS.md,core governance,must_read,read,true,e586343ebb6e8363040aa5b16e74ab00158de395be06b9a18aff4afcc0154681,182890,"gemini, codex, openclaw, hermes",Investment OS workflow suitability; MAPLAB governance docs; Chrome side panel; B1 Builder scope; B2 Reviewer focus; B3 Archivist writeback,medium,Loaded into handoff pack unless missing; use live API/UI for external system facts.
B4,MAPLAB_B4_INVESTMENT_OS_SYSTEM_PATROL_DYNAMIC_ROLE_MODULE,AGENT_RULES.md,core governance,must_read,read,true,0e6152ddc7702ba02467da5dc63168c35ff0b6dfa911c6c91dbc0ae28bd86afb,68367,"gemini, codex, openclaw, hermes",Investment OS workflow suitability; MAPLAB governance docs; Chrome side panel; B1 Builder scope; B2 Reviewer focus; B3 Archivist writeback,medium,Loaded into handoff pack unless missing; use live API/UI for external system facts.
B4,MAPLAB_B4_INVESTMENT_OS_SYSTEM_PATROL_DYNAMIC_ROLE_MODULE,AGENT_STARTUP_PROTOCOL.md,core governance,must_read,read,true,bd8a0c28c16199c490b1e70395615801bb78442d2a1fce7c8e3f4de6ee7f8629,15026,"gemini, codex, openclaw, hermes",Investment OS workflow suitability; MAPLAB governance docs; Chrome side panel; B1 Builder scope; B2 Reviewer focus; B3 Archivist writeback,medium,Loaded into handoff pack unless missing; use live API/UI for external system facts.
B4,MAPLAB_B4_INVESTMENT_OS_SYSTEM_PATROL_DYNAMIC_ROLE_MODULE,pitfalls.md,core governance,must_read,read,true,947a3dcb898e36bbcb411a3f144f559d28b8aa2be3be1bdc1c81709cde3ad15a,145773,"gemini, codex, openclaw, hermes",Investment OS workflow suitability; MAPLAB governance docs; Chrome side panel; B1 Builder scope; B2 Reviewer focus; B3 Archivist writeback,medium,Loaded into handoff pack unless missing; use live API/UI for external system facts.
B4,MAPLAB_B4_INVESTMENT_OS_SYSTEM_PATROL_DYNAMIC_ROLE_MODULE,TASK_QUEUE.md,core governance,must_read,read,true,7735bfcdb9f2cc31f8938a4a16c9bdccded7be4647c17dc80e82887df00ddc39,5732,"gemini, codex, openclaw, hermes",Investment OS workflow suitability; MAPLAB governance docs; Chrome side panel; B1 Builder scope; B2 Reviewer focus; B3 Archivist writeback,medium,Loaded into handoff pack unless missing; use live API/UI for external system facts.
B4,MAPLAB_B4_INVESTMENT_OS_SYSTEM_PATROL_DYNAMIC_ROLE_MODULE,workbook/task_index.json,workbook artifact,must_read,read,true,a0a16a764e5db78fa40002dedccfafb5457b5e12d6eee37f9c2cdb14e9821be3,25422,"gemini, codex, openclaw, hermes",Investment OS workflow suitability; MAPLAB governance docs; Chrome side panel; B1 Builder scope; B2 Reviewer focus; B3 Archivist writeback,medium,Loaded into handoff pack unless missing; use live API/UI for external system facts.
B4,MAPLAB_B4_INVESTMENT_OS_SYSTEM_PATROL_DYNAMIC_ROLE_MODULE,AGENT_RECALL_PROMPTS.md,core governance,must_read,read,true,6af77fe389d20dac0079dfbf2954098d6c30d68c87fee4ae7c7cb8a1ad2f5722,81227,"gemini, codex, openclaw, hermes",Investment OS workflow suitability; MAPLAB governance docs; Chrome side panel; B1 Builder scope; B2 Reviewer focus; B3 Archivist writeback,medium,Loaded into handoff pack unless missing; use live API/UI for external system facts.
B4,MAPLAB_B4_INVESTMENT_OS_SYSTEM_PATROL_DYNAMIC_ROLE_MODULE,skills/superpowers-guide.md,skill / operating guide,must_read,read,true,8987b633b6f64545027e4744ec8ce3e8d85cf80127241dc79861dd5360407195,15373,"gemini, codex, openclaw, hermes",Investment OS workflow suitability; MAPLAB governance docs; Chrome side panel; B1 Builder scope; B2 Reviewer focus; B3 Archivist writeback,medium,Loaded into handoff pack unless missing; use live API/UI for external system facts.
B4,MAPLAB_B4_INVESTMENT_OS_SYSTEM_PATROL_DYNAMIC_ROLE_MODULE,skills/task-progress-guide.md,skill / operating guide,must_read,read,true,a0a8dce530f8b02cba8dba5cdd461d0c1e7a972373da867edebe06ec9b7b7eb5,10792,"gemini, codex, openclaw, hermes",Investment OS workflow suitability; MAPLAB governance docs; Chrome side panel; B1 Builder scope; B2 Reviewer focus; B3 Archivist writeback,medium,Loaded into handoff pack unless missing; use live API/UI for external system facts.
B4,MAPLAB_B4_INVESTMENT_OS_SYSTEM_PATROL_DYNAMIC_ROLE_MODULE,skills/session-lifecycle/SKILL.md,skill / operating guide,must_read,read,true,ba41f9ac9db25d3c3224a2ecd2e52cc74b989c8226bada767404034ec1eb76db,503,"gemini, codex, openclaw, hermes",Investment OS workflow suitability; MAPLAB governance docs; Chrome side panel; B1 Builder scope; B2 Reviewer focus; B3 Archivist writeback,medium,Loaded into handoff pack unless missing; use live API/UI for external system facts.
B4,MAPLAB_B4_INVESTMENT_OS_SYSTEM_PATROL_DYNAMIC_ROLE_MODULE,recalls/B4_recall.md,role recall prompt,must_read,read,true,63e5dfdba146d1f70dc2110847dcccb7670ba70846b7281465d81c265ec4995b,2152,"gemini, codex, openclaw, hermes",Investment OS workflow suitability; MAPLAB governance docs; Chrome side panel; B1 Builder scope; B2 Reviewer focus; B3 Archivist writeback,medium,Loaded into handoff pack unless missing; use live API/UI for external system facts.
B4,MAPLAB_B4_INVESTMENT_OS_SYSTEM_PATROL_DYNAMIC_ROLE_MODULE,projects/invest-os-b-role-system.md,project context,must_read,read,true,269002d9b85698340ad88ba20ad37321f8231c86512e6970af1010e7cb99ac2b,5367,"gemini, codex, openclaw, hermes",Investment OS workflow suitability; MAPLAB governance docs; Chrome side panel; B1 Builder scope; B2 Reviewer focus; B3 Archivist writeback,medium,Loaded into handoff pack unless missing; use live API/UI for external system facts.
B4,MAPLAB_B4_INVESTMENT_OS_SYSTEM_PATROL_DYNAMIC_ROLE_MODULE,projects/b4-invest-os-system-patrol.md,project context,must_read,read,true,1a620ebe9b7c3963bd25d0f67e24d82d69298347762214b01dcffb6d05a8a1c5,2347,"gemini, codex, openclaw, hermes",Investment OS workflow suitability; MAPLAB governance docs; Chrome side panel; B1 Builder scope; B2 Reviewer focus; B3 Archivist writeback,medium,Loaded into handoff pack unless missing; use live API/UI for external system facts.
B4,MAPLAB_B4_INVESTMENT_OS_SYSTEM_PATROL_DYNAMIC_ROLE_MODULE,handoff/tasks/T-B1-B4-investment-os-role-split.md,handoff or task card,must_read,read,true,c089afb5e12b5277822a218ba6f76a4e7ff0a7aec94db194bb9d76c860f05a86,4325,"gemini, codex, openclaw, hermes",Investment OS workflow suitability; MAPLAB governance docs; Chrome side panel; B1 Builder scope; B2 Reviewer focus; B3 Archivist writeback,medium,Loaded into handoff pack unless missing; use live API/UI for external system facts.
B4,MAPLAB_B4_INVESTMENT_OS_SYSTEM_PATROL_DYNAMIC_ROLE_MODULE,projects/b1-cross-project-governance-advisor.md,project context,must_read,read,true,e9384ec355c21d0458226fb36d9cd8e709d9621b4283d8d6e671edf783f526d9,8035,"gemini, codex, openclaw, hermes",Investment OS workflow suitability; MAPLAB governance docs; Chrome side panel; B1 Builder scope; B2 Reviewer focus; B3 Archivist writeback,medium,Loaded into handoff pack unless missing; use live API/UI for external system facts.
B4,MAPLAB_B4_INVESTMENT_OS_SYSTEM_PATROL_DYNAMIC_ROLE_MODULE,projects/b1-investment-logic-bridge.md,project context,must_read,read,true,6fdb5173f5ae4f9985a1cfe6bec8eaa943f0a0eacd6c93e54afbeb89c7f3086c,11985,"gemini, codex, openclaw, hermes",Investment OS workflow suitability; MAPLAB governance docs; Chrome side panel; B1 Builder scope; B2 Reviewer focus; B3 Archivist writeback,medium,Loaded into handoff pack unless missing; use live API/UI for external system facts.
B4,MAPLAB_B4_INVESTMENT_OS_SYSTEM_PATROL_DYNAMIC_ROLE_MODULE,projects/b1-investment-os-owner-persona-canonical.md,project context,must_read,read,true,fe7aacd09e9b6d2212848427ba57da42f37d31663af0d18c6f8e18c16b6a51a5,17923,"gemini, codex, openclaw, hermes",Investment OS workflow suitability; MAPLAB governance docs; Chrome side panel; B1 Builder scope; B2 Reviewer focus; B3 Archivist writeback,medium,Loaded into handoff pack unless missing; use live API/UI for external system facts.
B4,MAPLAB_B4_INVESTMENT_OS_SYSTEM_PATROL_DYNAMIC_ROLE_MODULE,projects/b1-investment-os-owner-profile.md,project context,must_read,read,true,574d5b2bd4b0d023ea54aa330ed19f12b949d359b3e27f021865f6453e59bac8,11021,"gemini, codex, openclaw, hermes",Investment OS workflow suitability; MAPLAB governance docs; Chrome side panel; B1 Builder scope; B2 Reviewer focus; B3 Archivist writeback,medium,Loaded into handoff pack unless missing; use live API/UI for external system facts.
B4,MAPLAB_B4_INVESTMENT_OS_SYSTEM_PATROL_DYNAMIC_ROLE_MODULE,skills/invest-os-b-role-system.md,skill / operating guide,must_read,read,true,9510ccd11d25511de43c4119d303c6e24a3cb209b677f3a491278c3e8a3641fc,1751,"gemini, codex, openclaw, hermes",Investment OS workflow suitability; MAPLAB governance docs; Chrome side panel; B1 Builder scope; B2 Reviewer focus; B3 Archivist writeback,medium,Loaded into handoff pack unless missing; use live API/UI for external system facts.
B4,MAPLAB_B4_INVESTMENT_OS_SYSTEM_PATROL_DYNAMIC_ROLE_MODULE,docs/openclaw/output-contract.md,governance or workflow document,must_read,read,true,368fad433ad22bf1f4fbeef3ef05d4baa179d4f9a93eff8f44639a4d430d03ba,1700,"gemini, codex, openclaw, hermes",Investment OS workflow suitability; MAPLAB governance docs; Chrome side panel; B1 Builder scope; B2 Reviewer focus; B3 Archivist writeback,medium,Loaded into handoff pack unless missing; use live API/UI for external system facts.
B4,MAPLAB_B4_INVESTMENT_OS_SYSTEM_PATROL_DYNAMIC_ROLE_MODULE,docs/openclaw/relation-graph.md,governance or workflow document,must_read,read,true,616551a8eb75ef2f74175902bdc6e13bd0af0d68409ca0ad6e70f5d0574bc197,1211,"gemini, codex, openclaw, hermes",Investment OS workflow suitability; MAPLAB governance docs; Chrome side panel; B1 Builder scope; B2 Reviewer focus; B3 Archivist writeback,medium,Loaded into handoff pack unless missing; use live API/UI for external system facts.
B4,MAPLAB_B4_INVESTMENT_OS_SYSTEM_PATROL_DYNAMIC_ROLE_MODULE,docs/openclaw/security-boundaries.md,governance or workflow document,must_read,read,true,b4426628c0f5ee1359f9c90fe1fc306321523f1d928fcf26db9c4ad95db63131,661,"gemini, codex, openclaw, hermes",Investment OS workflow suitability; MAPLAB governance docs; Chrome side panel; B1 Builder scope; B2 Reviewer focus; B3 Archivist writeback,medium,Loaded into handoff pack unless missing; use live API/UI for external system facts.
B4,MAPLAB_B4_INVESTMENT_OS_SYSTEM_PATROL_DYNAMIC_ROLE_MODULE,workbook/reviews/README.md,workbook artifact,must_read,read,true,91c65b9321e7f66e9ae0299d9f6832c3e01c8e8e6ef1c54daa3bc7f358691add,698,"gemini, codex, openclaw, hermes",Investment OS workflow suitability; MAPLAB governance docs; Chrome side panel; B1 Builder scope; B2 Reviewer focus; B3 Archivist writeback,medium,Loaded into handoff pack unless missing; use live API/UI for external system facts.
IOS-MOMENTUM,MAPLAB_IOS-MOMENTUM_DAILY_MOMENTUM_MANAGER_DYNAMIC_ROLE_MODULE,CURRENT_STATUS.md,core governance,must_read,read,true,e586343ebb6e8363040aa5b16e74ab00158de395be06b9a18aff4afcc0154681,182890,"codex, openclaw, gemini, hermes",Daily Momentum Telegram PM Brief; Momentum Dashboard section; OpenClaw research dispatch; B2 freshness review; B1 runtime repair,high,Loaded into handoff pack unless missing; use live API/UI for external system facts.
IOS-MOMENTUM,MAPLAB_IOS-MOMENTUM_DAILY_MOMENTUM_MANAGER_DYNAMIC_ROLE_MODULE,AGENT_RULES.md,core governance,must_read,read,true,0e6152ddc7702ba02467da5dc63168c35ff0b6dfa911c6c91dbc0ae28bd86afb,68367,"codex, openclaw, gemini, hermes",Daily Momentum Telegram PM Brief; Momentum Dashboard section; OpenClaw research dispatch; B2 freshness review; B1 runtime repair,high,Loaded into handoff pack unless missing; use live API/UI for external system facts.
IOS-MOMENTUM,MAPLAB_IOS-MOMENTUM_DAILY_MOMENTUM_MANAGER_DYNAMIC_ROLE_MODULE,AGENT_STARTUP_PROTOCOL.md,core governance,must_read,read,true,bd8a0c28c16199c490b1e70395615801bb78442d2a1fce7c8e3f4de6ee7f8629,15026,"codex, openclaw, gemini, hermes",Daily Momentum Telegram PM Brief; Momentum Dashboard section; OpenClaw research dispatch; B2 freshness review; B1 runtime repair,high,Loaded into handoff pack unless missing; use live API/UI for external system facts.
IOS-MOMENTUM,MAPLAB_IOS-MOMENTUM_DAILY_MOMENTUM_MANAGER_DYNAMIC_ROLE_MODULE,pitfalls.md,core governance,must_read,read,true,947a3dcb898e36bbcb411a3f144f559d28b8aa2be3be1bdc1c81709cde3ad15a,145773,"codex, openclaw, gemini, hermes",Daily Momentum Telegram PM Brief; Momentum Dashboard section; OpenClaw research dispatch; B2 freshness review; B1 runtime repair,high,Loaded into handoff pack unless missing; use live API/UI for external system facts.
IOS-MOMENTUM,MAPLAB_IOS-MOMENTUM_DAILY_MOMENTUM_MANAGER_DYNAMIC_ROLE_MODULE,TASK_QUEUE.md,core governance,must_read,read,true,7735bfcdb9f2cc31f8938a4a16c9bdccded7be4647c17dc80e82887df00ddc39,5732,"codex, openclaw, gemini, hermes",Daily Momentum Telegram PM Brief; Momentum Dashboard section; OpenClaw research dispatch; B2 freshness review; B1 runtime repair,high,Loaded into handoff pack unless missing; use live API/UI for external system facts.
IOS-MOMENTUM,MAPLAB_IOS-MOMENTUM_DAILY_MOMENTUM_MANAGER_DYNAMIC_ROLE_MODULE,workbook/task_index.json,workbook artifact,must_read,read,true,a0a16a764e5db78fa40002dedccfafb5457b5e12d6eee37f9c2cdb14e9821be3,25422,"codex, openclaw, gemini, hermes",Daily Momentum Telegram PM Brief; Momentum Dashboard section; OpenClaw research dispatch; B2 freshness review; B1 runtime repair,high,Loaded into handoff pack unless missing; use live API/UI for external system facts.
IOS-MOMENTUM,MAPLAB_IOS-MOMENTUM_DAILY_MOMENTUM_MANAGER_DYNAMIC_ROLE_MODULE,AGENT_RECALL_PROMPTS.md,core governance,must_read,read,true,6af77fe389d20dac0079dfbf2954098d6c30d68c87fee4ae7c7cb8a1ad2f5722,81227,"codex, openclaw, gemini, hermes",Daily Momentum Telegram PM Brief; Momentum Dashboard section; OpenClaw research dispatch; B2 freshness review; B1 runtime repair,high,Loaded into handoff pack unless missing; use live API/UI for external system facts.
IOS-MOMENTUM,MAPLAB_IOS-MOMENTUM_DAILY_MOMENTUM_MANAGER_DYNAMIC_ROLE_MODULE,skills/superpowers-guide.md,skill / operating guide,must_read,read,true,8987b633b6f64545027e4744ec8ce3e8d85cf80127241dc79861dd5360407195,15373,"codex, openclaw, gemini, hermes",Daily Momentum Telegram PM Brief; Momentum Dashboard section; OpenClaw research dispatch; B2 freshness review; B1 runtime repair,high,Loaded into handoff pack unless missing; use live API/UI for external system facts.
IOS-MOMENTUM,MAPLAB_IOS-MOMENTUM_DAILY_MOMENTUM_MANAGER_DYNAMIC_ROLE_MODULE,skills/task-progress-guide.md,skill / operating guide,must_read,read,true,a0a8dce530f8b02cba8dba5cdd461d0c1e7a972373da867edebe06ec9b7b7eb5,10792,"codex, openclaw, gemini, hermes",Daily Momentum Telegram PM Brief; Momentum Dashboard section; OpenClaw research dispatch; B2 freshness review; B1 runtime repair,high,Loaded into handoff pack unless missing; use live API/UI for external system facts.
IOS-MOMENTUM,MAPLAB_IOS-MOMENTUM_DAILY_MOMENTUM_MANAGER_DYNAMIC_ROLE_MODULE,skills/session-lifecycle/SKILL.md,skill / operating guide,must_read,read,true,ba41f9ac9db25d3c3224a2ecd2e52cc74b989c8226bada767404034ec1eb76db,503,"codex, openclaw, gemini, hermes",Daily Momentum Telegram PM Brief; Momentum Dashboard section; OpenClaw research dispatch; B2 freshness review; B1 runtime repair,high,Loaded into handoff pack unless missing; use live API/UI for external system facts.
IOS-MOMENTUM,MAPLAB_IOS-MOMENTUM_DAILY_MOMENTUM_MANAGER_DYNAMIC_ROLE_MODULE,recalls/IOS_strategy_role_recall.md,role recall prompt,must_read,read,true,80dfcea66541cda844a086f99e19b34acb3973ab0fe4bb29febc295151023404,2743,"codex, openclaw, gemini, hermes",Daily Momentum Telegram PM Brief; Momentum Dashboard section; OpenClaw research dispatch; B2 freshness review; B1 runtime repair,high,Loaded into handoff pack unless missing; use live API/UI for external system facts.
IOS-MOMENTUM,MAPLAB_IOS-MOMENTUM_DAILY_MOMENTUM_MANAGER_DYNAMIC_ROLE_MODULE,projects/invest-os-strategy-role-system.md,project context,must_read,read,true,cfa9d2230eedf1902aa67a1a6e070514e13205442fcb7e1ea179f339c33fb24b,2819,"codex, openclaw, gemini, hermes",Daily Momentum Telegram PM Brief; Momentum Dashboard section; OpenClaw research dispatch; B2 freshness review; B1 runtime repair,high,Loaded into handoff pack unless missing; use live API/UI for external system facts.
IOS-MOMENTUM,MAPLAB_IOS-MOMENTUM_DAILY_MOMENTUM_MANAGER_DYNAMIC_ROLE_MODULE,skills/invest-os-b-role-system.md,skill / operating guide,must_read,read,true,9510ccd11d25511de43c4119d303c6e24a3cb209b677f3a491278c3e8a3641fc,1751,"codex, openclaw, gemini, hermes",Daily Momentum Telegram PM Brief; Momentum Dashboard section; OpenClaw research dispatch; B2 freshness review; B1 runtime repair,high,Loaded into handoff pack unless missing; use live API/UI for external system facts.
IOS-MOMENTUM,MAPLAB_IOS-MOMENTUM_DAILY_MOMENTUM_MANAGER_DYNAMIC_ROLE_MODULE,docs/openclaw/output-contract.md,governance or workflow document,must_read,read,true,368fad433ad22bf1f4fbeef3ef05d4baa179d4f9a93eff8f44639a4d430d03ba,1700,"codex, openclaw, gemini, hermes",Daily Momentum Telegram PM Brief; Momentum Dashboard section; OpenClaw research dispatch; B2 freshness review; B1 runtime repair,high,Loaded into handoff pack unless missing; use live API/UI for external system facts.
IOS-MOMENTUM,MAPLAB_IOS-MOMENTUM_DAILY_MOMENTUM_MANAGER_DYNAMIC_ROLE_MODULE,docs/openclaw/relation-graph.md,governance or workflow document,must_read,read,true,616551a8eb75ef2f74175902bdc6e13bd0af0d68409ca0ad6e70f5d0574bc197,1211,"codex, openclaw, gemini, hermes",Daily Momentum Telegram PM Brief; Momentum Dashboard section; OpenClaw research dispatch; B2 freshness review; B1 runtime repair,high,Loaded into handoff pack unless missing; use live API/UI for external system facts.
IOS-MOMENTUM,MAPLAB_IOS-MOMENTUM_DAILY_MOMENTUM_MANAGER_DYNAMIC_ROLE_MODULE,docs/openclaw/security-boundaries.md,governance or workflow document,must_read,read,true,b4426628c0f5ee1359f9c90fe1fc306321523f1d928fcf26db9c4ad95db63131,661,"codex, openclaw, gemini, hermes",Daily Momentum Telegram PM Brief; Momentum Dashboard section; OpenClaw research dispatch; B2 freshness review; B1 runtime repair,high,Loaded into handoff pack unless missing; use live API/UI for external system facts.
IOS-MOMENTUM,MAPLAB_IOS-MOMENTUM_DAILY_MOMENTUM_MANAGER_DYNAMIC_ROLE_MODULE,workbook/reviews/README.md,workbook artifact,must_read,read,true,91c65b9321e7f66e9ae0299d9f6832c3e01c8e8e6ef1c54daa3bc7f358691add,698,"codex, openclaw, gemini, hermes",Daily Momentum Telegram PM Brief; Momentum Dashboard section; OpenClaw research dispatch; B2 freshness review; B1 runtime repair,high,Loaded into handoff pack unless missing; use live API/UI for external system facts.
IOS-KOL,MAPLAB_IOS-KOL_INFLUENCER_RADAR_MANAGER_DYNAMIC_ROLE_MODULE,CURRENT_STATUS.md,core governance,must_read,read,true,e586343ebb6e8363040aa5b16e74ab00158de395be06b9a18aff4afcc0154681,182890,"codex, openclaw, gemini, hermes",KOL Telegram digest; KOL shadow Dashboard evidence; NotebookLM/OpenClaw worker packets; B2 report quality review,medium,Loaded into handoff pack unless missing; use live API/UI for external system facts.
IOS-KOL,MAPLAB_IOS-KOL_INFLUENCER_RADAR_MANAGER_DYNAMIC_ROLE_MODULE,AGENT_RULES.md,core governance,must_read,read,true,0e6152ddc7702ba02467da5dc63168c35ff0b6dfa911c6c91dbc0ae28bd86afb,68367,"codex, openclaw, gemini, hermes",KOL Telegram digest; KOL shadow Dashboard evidence; NotebookLM/OpenClaw worker packets; B2 report quality review,medium,Loaded into handoff pack unless missing; use live API/UI for external system facts.
IOS-KOL,MAPLAB_IOS-KOL_INFLUENCER_RADAR_MANAGER_DYNAMIC_ROLE_MODULE,AGENT_STARTUP_PROTOCOL.md,core governance,must_read,read,true,bd8a0c28c16199c490b1e70395615801bb78442d2a1fce7c8e3f4de6ee7f8629,15026,"codex, openclaw, gemini, hermes",KOL Telegram digest; KOL shadow Dashboard evidence; NotebookLM/OpenClaw worker packets; B2 report quality review,medium,Loaded into handoff pack unless missing; use live API/UI for external system facts.
IOS-KOL,MAPLAB_IOS-KOL_INFLUENCER_RADAR_MANAGER_DYNAMIC_ROLE_MODULE,pitfalls.md,core governance,must_read,read,true,947a3dcb898e36bbcb411a3f144f559d28b8aa2be3be1bdc1c81709cde3ad15a,145773,"codex, openclaw, gemini, hermes",KOL Telegram digest; KOL shadow Dashboard evidence; NotebookLM/OpenClaw worker packets; B2 report quality review,medium,Loaded into handoff pack unless missing; use live API/UI for external system facts.
IOS-KOL,MAPLAB_IOS-KOL_INFLUENCER_RADAR_MANAGER_DYNAMIC_ROLE_MODULE,TASK_QUEUE.md,core governance,must_read,read,true,7735bfcdb9f2cc31f8938a4a16c9bdccded7be4647c17dc80e82887df00ddc39,5732,"codex, openclaw, gemini, hermes",KOL Telegram digest; KOL shadow Dashboard evidence; NotebookLM/OpenClaw worker packets; B2 report quality review,medium,Loaded into handoff pack unless missing; use live API/UI for external system facts.
IOS-KOL,MAPLAB_IOS-KOL_INFLUENCER_RADAR_MANAGER_DYNAMIC_ROLE_MODULE,workbook/task_index.json,workbook artifact,must_read,read,true,a0a16a764e5db78fa40002dedccfafb5457b5e12d6eee37f9c2cdb14e9821be3,25422,"codex, openclaw, gemini, hermes",KOL Telegram digest; KOL shadow Dashboard evidence; NotebookLM/OpenClaw worker packets; B2 report quality review,medium,Loaded into handoff pack unless missing; use live API/UI for external system facts.
IOS-KOL,MAPLAB_IOS-KOL_INFLUENCER_RADAR_MANAGER_DYNAMIC_ROLE_MODULE,AGENT_RECALL_PROMPTS.md,core governance,must_read,read,true,6af77fe389d20dac0079dfbf2954098d6c30d68c87fee4ae7c7cb8a1ad2f5722,81227,"codex, openclaw, gemini, hermes",KOL Telegram digest; KOL shadow Dashboard evidence; NotebookLM/OpenClaw worker packets; B2 report quality review,medium,Loaded into handoff pack unless missing; use live API/UI for external system facts.
IOS-KOL,MAPLAB_IOS-KOL_INFLUENCER_RADAR_MANAGER_DYNAMIC_ROLE_MODULE,skills/superpowers-guide.md,skill / operating guide,must_read,read,true,8987b633b6f64545027e4744ec8ce3e8d85cf80127241dc79861dd5360407195,15373,"codex, openclaw, gemini, hermes",KOL Telegram digest; KOL shadow Dashboard evidence; NotebookLM/OpenClaw worker packets; B2 report quality review,medium,Loaded into handoff pack unless missing; use live API/UI for external system facts.
IOS-KOL,MAPLAB_IOS-KOL_INFLUENCER_RADAR_MANAGER_DYNAMIC_ROLE_MODULE,skills/task-progress-guide.md,skill / operating guide,must_read,read,true,a0a8dce530f8b02cba8dba5cdd461d0c1e7a972373da867edebe06ec9b7b7eb5,10792,"codex, openclaw, gemini, hermes",KOL Telegram digest; KOL shadow Dashboard evidence; NotebookLM/OpenClaw worker packets; B2 report quality review,medium,Loaded into handoff pack unless missing; use live API/UI for external system facts.
IOS-KOL,MAPLAB_IOS-KOL_INFLUENCER_RADAR_MANAGER_DYNAMIC_ROLE_MODULE,skills/session-lifecycle/SKILL.md,skill / operating guide,must_read,read,true,ba41f9ac9db25d3c3224a2ecd2e52cc74b989c8226bada767404034ec1eb76db,503,"codex, openclaw, gemini, hermes",KOL Telegram digest; KOL shadow Dashboard evidence; NotebookLM/OpenClaw worker packets; B2 report quality review,medium,Loaded into handoff pack unless missing; use live API/UI for external system facts.
IOS-KOL,MAPLAB_IOS-KOL_INFLUENCER_RADAR_MANAGER_DYNAMIC_ROLE_MODULE,recalls/IOS_strategy_role_recall.md,role recall prompt,must_read,read,true,80dfcea66541cda844a086f99e19b34acb3973ab0fe4bb29febc295151023404,2743,"codex, openclaw, gemini, hermes",KOL Telegram digest; KOL shadow Dashboard evidence; NotebookLM/OpenClaw worker packets; B2 report quality review,medium,Loaded into handoff pack unless missing; use live API/UI for external system facts.
IOS-KOL,MAPLAB_IOS-KOL_INFLUENCER_RADAR_MANAGER_DYNAMIC_ROLE_MODULE,projects/invest-os-strategy-role-system.md,project context,must_read,read,true,cfa9d2230eedf1902aa67a1a6e070514e13205442fcb7e1ea179f339c33fb24b,2819,"codex, openclaw, gemini, hermes",KOL Telegram digest; KOL shadow Dashboard evidence; NotebookLM/OpenClaw worker packets; B2 report quality review,medium,Loaded into handoff pack unless missing; use live API/UI for external system facts.
IOS-KOL,MAPLAB_IOS-KOL_INFLUENCER_RADAR_MANAGER_DYNAMIC_ROLE_MODULE,docs/ios-kol/third-layer-research-method.md,governance or workflow document,must_read,read,true,56a8de46e3eda775105c7b1409e57f40924db4be00f671bce3df9910adf5f9c5,7189,"codex, openclaw, gemini, hermes",KOL Telegram digest; KOL shadow Dashboard evidence; NotebookLM/OpenClaw worker packets; B2 report quality review,medium,Loaded into handoff pack unless missing; use live API/UI for external system facts.
IOS-KOL,MAPLAB_IOS-KOL_INFLUENCER_RADAR_MANAGER_DYNAMIC_ROLE_MODULE,skills/invest-os-b-role-system.md,skill / operating guide,must_read,read,true,9510ccd11d25511de43c4119d303c6e24a3cb209b677f3a491278c3e8a3641fc,1751,"codex, openclaw, gemini, hermes",KOL Telegram digest; KOL shadow Dashboard evidence; NotebookLM/OpenClaw worker packets; B2 report quality review,medium,Loaded into handoff pack unless missing; use live API/UI for external system facts.
IOS-KOL,MAPLAB_IOS-KOL_INFLUENCER_RADAR_MANAGER_DYNAMIC_ROLE_MODULE,docs/openclaw/output-contract.md,governance or workflow document,must_read,read,true,368fad433ad22bf1f4fbeef3ef05d4baa179d4f9a93eff8f44639a4d430d03ba,1700,"codex, openclaw, gemini, hermes",KOL Telegram digest; KOL shadow Dashboard evidence; NotebookLM/OpenClaw worker packets; B2 report quality review,medium,Loaded into handoff pack unless missing; use live API/UI for external system facts.
IOS-KOL,MAPLAB_IOS-KOL_INFLUENCER_RADAR_MANAGER_DYNAMIC_ROLE_MODULE,docs/openclaw/relation-graph.md,governance or workflow document,must_read,read,true,616551a8eb75ef2f74175902bdc6e13bd0af0d68409ca0ad6e70f5d0574bc197,1211,"codex, openclaw, gemini, hermes",KOL Telegram digest; KOL shadow Dashboard evidence; NotebookLM/OpenClaw worker packets; B2 report quality review,medium,Loaded into handoff pack unless missing; use live API/UI for external system facts.
IOS-KOL,MAPLAB_IOS-KOL_INFLUENCER_RADAR_MANAGER_DYNAMIC_ROLE_MODULE,docs/openclaw/security-boundaries.md,governance or workflow document,must_read,read,true,b4426628c0f5ee1359f9c90fe1fc306321523f1d928fcf26db9c4ad95db63131,661,"codex, openclaw, gemini, hermes",KOL Telegram digest; KOL shadow Dashboard evidence; NotebookLM/OpenClaw worker packets; B2 report quality review,medium,Loaded into handoff pack unless missing; use live API/UI for external system facts.
IOS-KOL,MAPLAB_IOS-KOL_INFLUENCER_RADAR_MANAGER_DYNAMIC_ROLE_MODULE,workbook/reviews/README.md,workbook artifact,must_read,read,true,91c65b9321e7f66e9ae0299d9f6832c3e01c8e8e6ef1c54daa3bc7f358691add,698,"codex, openclaw, gemini, hermes",KOL Telegram digest; KOL shadow Dashboard evidence; NotebookLM/OpenClaw worker packets; B2 report quality review,medium,Loaded into handoff pack unless missing; use live API/UI for external system facts.
IOS-FB,MAPLAB_IOS-FB_FB_SOCIAL_INTELLIGENCE_MANAGER_DYNAMIC_ROLE_MODULE,CURRENT_STATUS.md,core governance,must_read,read,true,e586343ebb6e8363040aa5b16e74ab00158de395be06b9a18aff4afcc0154681,182890,"codex, openclaw, gemini, hermes",FB Radar evidence; social source route health; B2 low-signal review; B1 route repair,medium,Loaded into handoff pack unless missing; use live API/UI for external system facts.
IOS-FB,MAPLAB_IOS-FB_FB_SOCIAL_INTELLIGENCE_MANAGER_DYNAMIC_ROLE_MODULE,AGENT_RULES.md,core governance,must_read,read,true,0e6152ddc7702ba02467da5dc63168c35ff0b6dfa911c6c91dbc0ae28bd86afb,68367,"codex, openclaw, gemini, hermes",FB Radar evidence; social source route health; B2 low-signal review; B1 route repair,medium,Loaded into handoff pack unless missing; use live API/UI for external system facts.
IOS-FB,MAPLAB_IOS-FB_FB_SOCIAL_INTELLIGENCE_MANAGER_DYNAMIC_ROLE_MODULE,AGENT_STARTUP_PROTOCOL.md,core governance,must_read,read,true,bd8a0c28c16199c490b1e70395615801bb78442d2a1fce7c8e3f4de6ee7f8629,15026,"codex, openclaw, gemini, hermes",FB Radar evidence; social source route health; B2 low-signal review; B1 route repair,medium,Loaded into handoff pack unless missing; use live API/UI for external system facts.
IOS-FB,MAPLAB_IOS-FB_FB_SOCIAL_INTELLIGENCE_MANAGER_DYNAMIC_ROLE_MODULE,pitfalls.md,core governance,must_read,read,true,947a3dcb898e36bbcb411a3f144f559d28b8aa2be3be1bdc1c81709cde3ad15a,145773,"codex, openclaw, gemini, hermes",FB Radar evidence; social source route health; B2 low-signal review; B1 route repair,medium,Loaded into handoff pack unless missing; use live API/UI for external system facts.
IOS-FB,MAPLAB_IOS-FB_FB_SOCIAL_INTELLIGENCE_MANAGER_DYNAMIC_ROLE_MODULE,TASK_QUEUE.md,core governance,must_read,read,true,7735bfcdb9f2cc31f8938a4a16c9bdccded7be4647c17dc80e82887df00ddc39,5732,"codex, openclaw, gemini, hermes",FB Radar evidence; social source route health; B2 low-signal review; B1 route repair,medium,Loaded into handoff pack unless missing; use live API/UI for external system facts.
IOS-FB,MAPLAB_IOS-FB_FB_SOCIAL_INTELLIGENCE_MANAGER_DYNAMIC_ROLE_MODULE,workbook/task_index.json,workbook artifact,must_read,read,true,a0a16a764e5db78fa40002dedccfafb5457b5e12d6eee37f9c2cdb14e9821be3,25422,"codex, openclaw, gemini, hermes",FB Radar evidence; social source route health; B2 low-signal review; B1 route repair,medium,Loaded into handoff pack unless missing; use live API/UI for external system facts.
IOS-FB,MAPLAB_IOS-FB_FB_SOCIAL_INTELLIGENCE_MANAGER_DYNAMIC_ROLE_MODULE,AGENT_RECALL_PROMPTS.md,core governance,must_read,read,true,6af77fe389d20dac0079dfbf2954098d6c30d68c87fee4ae7c7cb8a1ad2f5722,81227,"codex, openclaw, gemini, hermes",FB Radar evidence; social source route health; B2 low-signal review; B1 route repair,medium,Loaded into handoff pack unless missing; use live API/UI for external system facts.
IOS-FB,MAPLAB_IOS-FB_FB_SOCIAL_INTELLIGENCE_MANAGER_DYNAMIC_ROLE_MODULE,skills/superpowers-guide.md,skill / operating guide,must_read,read,true,8987b633b6f64545027e4744ec8ce3e8d85cf80127241dc79861dd5360407195,15373,"codex, openclaw, gemini, hermes",FB Radar evidence; social source route health; B2 low-signal review; B1 route repair,medium,Loaded into handoff pack unless missing; use live API/UI for external system facts.
IOS-FB,MAPLAB_IOS-FB_FB_SOCIAL_INTELLIGENCE_MANAGER_DYNAMIC_ROLE_MODULE,skills/task-progress-guide.md,skill / operating guide,must_read,read,true,a0a8dce530f8b02cba8dba5cdd461d0c1e7a972373da867edebe06ec9b7b7eb5,10792,"codex, openclaw, gemini, hermes",FB Radar evidence; social source route health; B2 low-signal review; B1 route repair,medium,Loaded into handoff pack unless missing; use live API/UI for external system facts.
IOS-FB,MAPLAB_IOS-FB_FB_SOCIAL_INTELLIGENCE_MANAGER_DYNAMIC_ROLE_MODULE,skills/session-lifecycle/SKILL.md,skill / operating guide,must_read,read,true,ba41f9ac9db25d3c3224a2ecd2e52cc74b989c8226bada767404034ec1eb76db,503,"codex, openclaw, gemini, hermes",FB Radar evidence; social source route health; B2 low-signal review; B1 route repair,medium,Loaded into handoff pack unless missing; use live API/UI for external system facts.
IOS-FB,MAPLAB_IOS-FB_FB_SOCIAL_INTELLIGENCE_MANAGER_DYNAMIC_ROLE_MODULE,recalls/IOS_strategy_role_recall.md,role recall prompt,must_read,read,true,80dfcea66541cda844a086f99e19b34acb3973ab0fe4bb29febc295151023404,2743,"codex, openclaw, gemini, hermes",FB Radar evidence; social source route health; B2 low-signal review; B1 route repair,medium,Loaded into handoff pack unless missing; use live API/UI for external system facts.
IOS-FB,MAPLAB_IOS-FB_FB_SOCIAL_INTELLIGENCE_MANAGER_DYNAMIC_ROLE_MODULE,projects/invest-os-strategy-role-system.md,project context,must_read,read,true,cfa9d2230eedf1902aa67a1a6e070514e13205442fcb7e1ea179f339c33fb24b,2819,"codex, openclaw, gemini, hermes",FB Radar evidence; social source route health; B2 low-signal review; B1 route repair,medium,Loaded into handoff pack unless missing; use live API/UI for external system facts.
IOS-FB,MAPLAB_IOS-FB_FB_SOCIAL_INTELLIGENCE_MANAGER_DYNAMIC_ROLE_MODULE,skills/invest-os-b-role-system.md,skill / operating guide,must_read,read,true,9510ccd11d25511de43c4119d303c6e24a3cb209b677f3a491278c3e8a3641fc,1751,"codex, openclaw, gemini, hermes",FB Radar evidence; social source route health; B2 low-signal review; B1 route repair,medium,Loaded into handoff pack unless missing; use live API/UI for external system facts.
IOS-FB,MAPLAB_IOS-FB_FB_SOCIAL_INTELLIGENCE_MANAGER_DYNAMIC_ROLE_MODULE,docs/openclaw/output-contract.md,governance or workflow document,must_read,read,true,368fad433ad22bf1f4fbeef3ef05d4baa179d4f9a93eff8f44639a4d430d03ba,1700,"codex, openclaw, gemini, hermes",FB Radar evidence; social source route health; B2 low-signal review; B1 route repair,medium,Loaded into handoff pack unless missing; use live API/UI for external system facts.
IOS-FB,MAPLAB_IOS-FB_FB_SOCIAL_INTELLIGENCE_MANAGER_DYNAMIC_ROLE_MODULE,docs/openclaw/relation-graph.md,governance or workflow document,must_read,read,true,616551a8eb75ef2f74175902bdc6e13bd0af0d68409ca0ad6e70f5d0574bc197,1211,"codex, openclaw, gemini, hermes",FB Radar evidence; social source route health; B2 low-signal review; B1 route repair,medium,Loaded into handoff pack unless missing; use live API/UI for external system facts.
IOS-FB,MAPLAB_IOS-FB_FB_SOCIAL_INTELLIGENCE_MANAGER_DYNAMIC_ROLE_MODULE,docs/openclaw/security-boundaries.md,governance or workflow document,must_read,read,true,b4426628c0f5ee1359f9c90fe1fc306321523f1d928fcf26db9c4ad95db63131,661,"codex, openclaw, gemini, hermes",FB Radar evidence; social source route health; B2 low-signal review; B1 route repair,medium,Loaded into handoff pack unless missing; use live API/UI for external system facts.
IOS-FB,MAPLAB_IOS-FB_FB_SOCIAL_INTELLIGENCE_MANAGER_DYNAMIC_ROLE_MODULE,workbook/reviews/README.md,workbook artifact,must_read,read,true,91c65b9321e7f66e9ae0299d9f6832c3e01c8e8e6ef1c54daa3bc7f358691add,698,"codex, openclaw, gemini, hermes",FB Radar evidence; social source route health; B2 low-signal review; B1 route repair,medium,Loaded into handoff pack unless missing; use live API/UI for external system facts.
IOS-FB,MAPLAB_IOS-FB_FB_SOCIAL_INTELLIGENCE_MANAGER_DYNAMIC_ROLE_MODULE,skills/credentials/social-accounts.md,skill / operating guide,restricted_reference,a1_only,true,3aaf20ca4537036df7a7f58268c4cc59550330fa341b0d8d5a143d2165b34a1b,3956,"codex, openclaw, gemini, hermes",FB Radar evidence; social source route health; B2 low-signal review; B1 route repair,medium,Do not paste credential/secrets docs into Gemini/OpenClaw prompts; A1-only lookup when approved.
IOS-FB,MAPLAB_IOS-FB_FB_SOCIAL_INTELLIGENCE_MANAGER_DYNAMIC_ROLE_MODULE,skills/credentials/notion-api.md,skill / operating guide,restricted_reference,a1_only,true,5b522b8321938d6610f889cdd59ddc2d63c0dd673cd7c458cebadd807d2aaf17,2563,"codex, openclaw, gemini, hermes",FB Radar evidence; social source route health; B2 low-signal review; B1 route repair,medium,Do not paste credential/secrets docs into Gemini/OpenClaw prompts; A1-only lookup when approved.
IOS-FB,MAPLAB_IOS-FB_FB_SOCIAL_INTELLIGENCE_MANAGER_DYNAMIC_ROLE_MODULE,skills/credentials/meta-ads-api.md,skill / operating guide,restricted_reference,a1_only,true,cf0e13935dd2791a4e91744cb6fdef7aa45536123b240df6ebc09004d1c6acbf,1908,"codex, openclaw, gemini, hermes",FB Radar evidence; social source route health; B2 low-signal review; B1 route repair,medium,Do not paste credential/secrets docs into Gemini/OpenClaw prompts; A1-only lookup when approved.
IOS-ALPHA,MAPLAB_IOS-ALPHA_CROSS_SOURCE_ALPHA_MANAGER_DYNAMIC_ROLE_MODULE,CURRENT_STATUS.md,core governance,must_read,read,true,e586343ebb6e8363040aa5b16e74ab00158de395be06b9a18aff4afcc0154681,182890,"codex, openclaw, gemini, hermes",Alpha Dashboard; convergence phone card; Polymarket hybrid strategy; local model shadow findings,high,Loaded into handoff pack unless missing; use live API/UI for external system facts.
IOS-ALPHA,MAPLAB_IOS-ALPHA_CROSS_SOURCE_ALPHA_MANAGER_DYNAMIC_ROLE_MODULE,AGENT_RULES.md,core governance,must_read,read,true,0e6152ddc7702ba02467da5dc63168c35ff0b6dfa911c6c91dbc0ae28bd86afb,68367,"codex, openclaw, gemini, hermes",Alpha Dashboard; convergence phone card; Polymarket hybrid strategy; local model shadow findings,high,Loaded into handoff pack unless missing; use live API/UI for external system facts.
IOS-ALPHA,MAPLAB_IOS-ALPHA_CROSS_SOURCE_ALPHA_MANAGER_DYNAMIC_ROLE_MODULE,AGENT_STARTUP_PROTOCOL.md,core governance,must_read,read,true,bd8a0c28c16199c490b1e70395615801bb78442d2a1fce7c8e3f4de6ee7f8629,15026,"codex, openclaw, gemini, hermes",Alpha Dashboard; convergence phone card; Polymarket hybrid strategy; local model shadow findings,high,Loaded into handoff pack unless missing; use live API/UI for external system facts.
IOS-ALPHA,MAPLAB_IOS-ALPHA_CROSS_SOURCE_ALPHA_MANAGER_DYNAMIC_ROLE_MODULE,pitfalls.md,core governance,must_read,read,true,947a3dcb898e36bbcb411a3f144f559d28b8aa2be3be1bdc1c81709cde3ad15a,145773,"codex, openclaw, gemini, hermes",Alpha Dashboard; convergence phone card; Polymarket hybrid strategy; local model shadow findings,high,Loaded into handoff pack unless missing; use live API/UI for external system facts.
IOS-ALPHA,MAPLAB_IOS-ALPHA_CROSS_SOURCE_ALPHA_MANAGER_DYNAMIC_ROLE_MODULE,TASK_QUEUE.md,core governance,must_read,read,true,7735bfcdb9f2cc31f8938a4a16c9bdccded7be4647c17dc80e82887df00ddc39,5732,"codex, openclaw, gemini, hermes",Alpha Dashboard; convergence phone card; Polymarket hybrid strategy; local model shadow findings,high,Loaded into handoff pack unless missing; use live API/UI for external system facts.
IOS-ALPHA,MAPLAB_IOS-ALPHA_CROSS_SOURCE_ALPHA_MANAGER_DYNAMIC_ROLE_MODULE,workbook/task_index.json,workbook artifact,must_read,read,true,a0a16a764e5db78fa40002dedccfafb5457b5e12d6eee37f9c2cdb14e9821be3,25422,"codex, openclaw, gemini, hermes",Alpha Dashboard; convergence phone card; Polymarket hybrid strategy; local model shadow findings,high,Loaded into handoff pack unless missing; use live API/UI for external system facts.
IOS-ALPHA,MAPLAB_IOS-ALPHA_CROSS_SOURCE_ALPHA_MANAGER_DYNAMIC_ROLE_MODULE,AGENT_RECALL_PROMPTS.md,core governance,must_read,read,true,6af77fe389d20dac0079dfbf2954098d6c30d68c87fee4ae7c7cb8a1ad2f5722,81227,"codex, openclaw, gemini, hermes",Alpha Dashboard; convergence phone card; Polymarket hybrid strategy; local model shadow findings,high,Loaded into handoff pack unless missing; use live API/UI for external system facts.
IOS-ALPHA,MAPLAB_IOS-ALPHA_CROSS_SOURCE_ALPHA_MANAGER_DYNAMIC_ROLE_MODULE,skills/superpowers-guide.md,skill / operating guide,must_read,read,true,8987b633b6f64545027e4744ec8ce3e8d85cf80127241dc79861dd5360407195,15373,"codex, openclaw, gemini, hermes",Alpha Dashboard; convergence phone card; Polymarket hybrid strategy; local model shadow findings,high,Loaded into handoff pack unless missing; use live API/UI for external system facts.
IOS-ALPHA,MAPLAB_IOS-ALPHA_CROSS_SOURCE_ALPHA_MANAGER_DYNAMIC_ROLE_MODULE,skills/task-progress-guide.md,skill / operating guide,must_read,read,true,a0a8dce530f8b02cba8dba5cdd461d0c1e7a972373da867edebe06ec9b7b7eb5,10792,"codex, openclaw, gemini, hermes",Alpha Dashboard; convergence phone card; Polymarket hybrid strategy; local model shadow findings,high,Loaded into handoff pack unless missing; use live API/UI for external system facts.
IOS-ALPHA,MAPLAB_IOS-ALPHA_CROSS_SOURCE_ALPHA_MANAGER_DYNAMIC_ROLE_MODULE,skills/session-lifecycle/SKILL.md,skill / operating guide,must_read,read,true,ba41f9ac9db25d3c3224a2ecd2e52cc74b989c8226bada767404034ec1eb76db,503,"codex, openclaw, gemini, hermes",Alpha Dashboard; convergence phone card; Polymarket hybrid strategy; local model shadow findings,high,Loaded into handoff pack unless missing; use live API/UI for external system facts.
IOS-ALPHA,MAPLAB_IOS-ALPHA_CROSS_SOURCE_ALPHA_MANAGER_DYNAMIC_ROLE_MODULE,recalls/IOS_strategy_role_recall.md,role recall prompt,must_read,read,true,80dfcea66541cda844a086f99e19b34acb3973ab0fe4bb29febc295151023404,2743,"codex, openclaw, gemini, hermes",Alpha Dashboard; convergence phone card; Polymarket hybrid strategy; local model shadow findings,high,Loaded into handoff pack unless missing; use live API/UI for external system facts.
IOS-ALPHA,MAPLAB_IOS-ALPHA_CROSS_SOURCE_ALPHA_MANAGER_DYNAMIC_ROLE_MODULE,projects/invest-os-strategy-role-system.md,project context,must_read,read,true,cfa9d2230eedf1902aa67a1a6e070514e13205442fcb7e1ea179f339c33fb24b,2819,"codex, openclaw, gemini, hermes",Alpha Dashboard; convergence phone card; Polymarket hybrid strategy; local model shadow findings,high,Loaded into handoff pack unless missing; use live API/UI for external system facts.
IOS-ALPHA,MAPLAB_IOS-ALPHA_CROSS_SOURCE_ALPHA_MANAGER_DYNAMIC_ROLE_MODULE,skills/invest-os-b-role-system.md,skill / operating guide,must_read,read,true,9510ccd11d25511de43c4119d303c6e24a3cb209b677f3a491278c3e8a3641fc,1751,"codex, openclaw, gemini, hermes",Alpha Dashboard; convergence phone card; Polymarket hybrid strategy; local model shadow findings,high,Loaded into handoff pack unless missing; use live API/UI for external system facts.
IOS-ALPHA,MAPLAB_IOS-ALPHA_CROSS_SOURCE_ALPHA_MANAGER_DYNAMIC_ROLE_MODULE,docs/openclaw/output-contract.md,governance or workflow document,must_read,read,true,368fad433ad22bf1f4fbeef3ef05d4baa179d4f9a93eff8f44639a4d430d03ba,1700,"codex, openclaw, gemini, hermes",Alpha Dashboard; convergence phone card; Polymarket hybrid strategy; local model shadow findings,high,Loaded into handoff pack unless missing; use live API/UI for external system facts.
IOS-ALPHA,MAPLAB_IOS-ALPHA_CROSS_SOURCE_ALPHA_MANAGER_DYNAMIC_ROLE_MODULE,docs/openclaw/relation-graph.md,governance or workflow document,must_read,read,true,616551a8eb75ef2f74175902bdc6e13bd0af0d68409ca0ad6e70f5d0574bc197,1211,"codex, openclaw, gemini, hermes",Alpha Dashboard; convergence phone card; Polymarket hybrid strategy; local model shadow findings,high,Loaded into handoff pack unless missing; use live API/UI for external system facts.
IOS-ALPHA,MAPLAB_IOS-ALPHA_CROSS_SOURCE_ALPHA_MANAGER_DYNAMIC_ROLE_MODULE,docs/openclaw/security-boundaries.md,governance or workflow document,must_read,read,true,b4426628c0f5ee1359f9c90fe1fc306321523f1d928fcf26db9c4ad95db63131,661,"codex, openclaw, gemini, hermes",Alpha Dashboard; convergence phone card; Polymarket hybrid strategy; local model shadow findings,high,Loaded into handoff pack unless missing; use live API/UI for external system facts.
IOS-ALPHA,MAPLAB_IOS-ALPHA_CROSS_SOURCE_ALPHA_MANAGER_DYNAMIC_ROLE_MODULE,workbook/reviews/README.md,workbook artifact,must_read,read,true,91c65b9321e7f66e9ae0299d9f6832c3e01c8e8e6ef1c54daa3bc7f358691add,698,"codex, openclaw, gemini, hermes",Alpha Dashboard; convergence phone card; Polymarket hybrid strategy; local model shadow findings,high,Loaded into handoff pack unless missing; use live API/UI for external system facts.
IOS-BLACKSWAN,MAPLAB_IOS-BLACKSWAN_BLACK_SWAN_MONITOR_DYNAMIC_ROLE_MODULE,CURRENT_STATUS.md,core governance,must_read,read,true,e586343ebb6e8363040aa5b16e74ab00158de395be06b9a18aff4afcc0154681,182890,"codex, openclaw, gemini, hermes",Black swan alert; hedge playbook; Macro/Risk Dashboard; B2 risk-boundary review,high,Loaded into handoff pack unless missing; use live API/UI for external system facts.
IOS-BLACKSWAN,MAPLAB_IOS-BLACKSWAN_BLACK_SWAN_MONITOR_DYNAMIC_ROLE_MODULE,AGENT_RULES.md,core governance,must_read,read,true,0e6152ddc7702ba02467da5dc63168c35ff0b6dfa911c6c91dbc0ae28bd86afb,68367,"codex, openclaw, gemini, hermes",Black swan alert; hedge playbook; Macro/Risk Dashboard; B2 risk-boundary review,high,Loaded into handoff pack unless missing; use live API/UI for external system facts.
IOS-BLACKSWAN,MAPLAB_IOS-BLACKSWAN_BLACK_SWAN_MONITOR_DYNAMIC_ROLE_MODULE,AGENT_STARTUP_PROTOCOL.md,core governance,must_read,read,true,bd8a0c28c16199c490b1e70395615801bb78442d2a1fce7c8e3f4de6ee7f8629,15026,"codex, openclaw, gemini, hermes",Black swan alert; hedge playbook; Macro/Risk Dashboard; B2 risk-boundary review,high,Loaded into handoff pack unless missing; use live API/UI for external system facts.
IOS-BLACKSWAN,MAPLAB_IOS-BLACKSWAN_BLACK_SWAN_MONITOR_DYNAMIC_ROLE_MODULE,pitfalls.md,core governance,must_read,read,true,947a3dcb898e36bbcb411a3f144f559d28b8aa2be3be1bdc1c81709cde3ad15a,145773,"codex, openclaw, gemini, hermes",Black swan alert; hedge playbook; Macro/Risk Dashboard; B2 risk-boundary review,high,Loaded into handoff pack unless missing; use live API/UI for external system facts.
IOS-BLACKSWAN,MAPLAB_IOS-BLACKSWAN_BLACK_SWAN_MONITOR_DYNAMIC_ROLE_MODULE,TASK_QUEUE.md,core governance,must_read,read,true,7735bfcdb9f2cc31f8938a4a16c9bdccded7be4647c17dc80e82887df00ddc39,5732,"codex, openclaw, gemini, hermes",Black swan alert; hedge playbook; Macro/Risk Dashboard; B2 risk-boundary review,high,Loaded into handoff pack unless missing; use live API/UI for external system facts.
IOS-BLACKSWAN,MAPLAB_IOS-BLACKSWAN_BLACK_SWAN_MONITOR_DYNAMIC_ROLE_MODULE,workbook/task_index.json,workbook artifact,must_read,read,true,a0a16a764e5db78fa40002dedccfafb5457b5e12d6eee37f9c2cdb14e9821be3,25422,"codex, openclaw, gemini, hermes",Black swan alert; hedge playbook; Macro/Risk Dashboard; B2 risk-boundary review,high,Loaded into handoff pack unless missing; use live API/UI for external system facts.
IOS-BLACKSWAN,MAPLAB_IOS-BLACKSWAN_BLACK_SWAN_MONITOR_DYNAMIC_ROLE_MODULE,AGENT_RECALL_PROMPTS.md,core governance,must_read,read,true,6af77fe389d20dac0079dfbf2954098d6c30d68c87fee4ae7c7cb8a1ad2f5722,81227,"codex, openclaw, gemini, hermes",Black swan alert; hedge playbook; Macro/Risk Dashboard; B2 risk-boundary review,high,Loaded into handoff pack unless missing; use live API/UI for external system facts.
IOS-BLACKSWAN,MAPLAB_IOS-BLACKSWAN_BLACK_SWAN_MONITOR_DYNAMIC_ROLE_MODULE,skills/superpowers-guide.md,skill / operating guide,must_read,read,true,8987b633b6f64545027e4744ec8ce3e8d85cf80127241dc79861dd5360407195,15373,"codex, openclaw, gemini, hermes",Black swan alert; hedge playbook; Macro/Risk Dashboard; B2 risk-boundary review,high,Loaded into handoff pack unless missing; use live API/UI for external system facts.
IOS-BLACKSWAN,MAPLAB_IOS-BLACKSWAN_BLACK_SWAN_MONITOR_DYNAMIC_ROLE_MODULE,skills/task-progress-guide.md,skill / operating guide,must_read,read,true,a0a8dce530f8b02cba8dba5cdd461d0c1e7a972373da867edebe06ec9b7b7eb5,10792,"codex, openclaw, gemini, hermes",Black swan alert; hedge playbook; Macro/Risk Dashboard; B2 risk-boundary review,high,Loaded into handoff pack unless missing; use live API/UI for external system facts.
IOS-BLACKSWAN,MAPLAB_IOS-BLACKSWAN_BLACK_SWAN_MONITOR_DYNAMIC_ROLE_MODULE,skills/session-lifecycle/SKILL.md,skill / operating guide,must_read,read,true,ba41f9ac9db25d3c3224a2ecd2e52cc74b989c8226bada767404034ec1eb76db,503,"codex, openclaw, gemini, hermes",Black swan alert; hedge playbook; Macro/Risk Dashboard; B2 risk-boundary review,high,Loaded into handoff pack unless missing; use live API/UI for external system facts.
IOS-BLACKSWAN,MAPLAB_IOS-BLACKSWAN_BLACK_SWAN_MONITOR_DYNAMIC_ROLE_MODULE,recalls/IOS_strategy_role_recall.md,role recall prompt,must_read,read,true,80dfcea66541cda844a086f99e19b34acb3973ab0fe4bb29febc295151023404,2743,"codex, openclaw, gemini, hermes",Black swan alert; hedge playbook; Macro/Risk Dashboard; B2 risk-boundary review,high,Loaded into handoff pack unless missing; use live API/UI for external system facts.
IOS-BLACKSWAN,MAPLAB_IOS-BLACKSWAN_BLACK_SWAN_MONITOR_DYNAMIC_ROLE_MODULE,projects/invest-os-strategy-role-system.md,project context,must_read,read,true,cfa9d2230eedf1902aa67a1a6e070514e13205442fcb7e1ea179f339c33fb24b,2819,"codex, openclaw, gemini, hermes",Black swan alert; hedge playbook; Macro/Risk Dashboard; B2 risk-boundary review,high,Loaded into handoff pack unless missing; use live API/UI for external system facts.
IOS-BLACKSWAN,MAPLAB_IOS-BLACKSWAN_BLACK_SWAN_MONITOR_DYNAMIC_ROLE_MODULE,skills/invest-os-b-role-system.md,skill / operating guide,must_read,read,true,9510ccd11d25511de43c4119d303c6e24a3cb209b677f3a491278c3e8a3641fc,1751,"codex, openclaw, gemini, hermes",Black swan alert; hedge playbook; Macro/Risk Dashboard; B2 risk-boundary review,high,Loaded into handoff pack unless missing; use live API/UI for external system facts.
IOS-BLACKSWAN,MAPLAB_IOS-BLACKSWAN_BLACK_SWAN_MONITOR_DYNAMIC_ROLE_MODULE,docs/openclaw/output-contract.md,governance or workflow document,must_read,read,true,368fad433ad22bf1f4fbeef3ef05d4baa179d4f9a93eff8f44639a4d430d03ba,1700,"codex, openclaw, gemini, hermes",Black swan alert; hedge playbook; Macro/Risk Dashboard; B2 risk-boundary review,high,Loaded into handoff pack unless missing; use live API/UI for external system facts.
IOS-BLACKSWAN,MAPLAB_IOS-BLACKSWAN_BLACK_SWAN_MONITOR_DYNAMIC_ROLE_MODULE,docs/openclaw/relation-graph.md,governance or workflow document,must_read,read,true,616551a8eb75ef2f74175902bdc6e13bd0af0d68409ca0ad6e70f5d0574bc197,1211,"codex, openclaw, gemini, hermes",Black swan alert; hedge playbook; Macro/Risk Dashboard; B2 risk-boundary review,high,Loaded into handoff pack unless missing; use live API/UI for external system facts.
IOS-BLACKSWAN,MAPLAB_IOS-BLACKSWAN_BLACK_SWAN_MONITOR_DYNAMIC_ROLE_MODULE,docs/openclaw/security-boundaries.md,governance or workflow document,must_read,read,true,b4426628c0f5ee1359f9c90fe1fc306321523f1d928fcf26db9c4ad95db63131,661,"codex, openclaw, gemini, hermes",Black swan alert; hedge playbook; Macro/Risk Dashboard; B2 risk-boundary review,high,Loaded into handoff pack unless missing; use live API/UI for external system facts.
IOS-BLACKSWAN,MAPLAB_IOS-BLACKSWAN_BLACK_SWAN_MONITOR_DYNAMIC_ROLE_MODULE,workbook/reviews/README.md,workbook artifact,must_read,read,true,91c65b9321e7f66e9ae0299d9f6832c3e01c8e8e6ef1c54daa3bc7f358691add,698,"codex, openclaw, gemini, hermes",Black swan alert; hedge playbook; Macro/Risk Dashboard; B2 risk-boundary review,high,Loaded into handoff pack unless missing; use live API/UI for external system facts.
IOS-INVENTORY,MAPLAB_IOS-INVENTORY_REAL_POSITION_REVIEW_MANAGER_DYNAMIC_ROLE_MODULE,CURRENT_STATUS.md,core governance,must_read,read,true,e586343ebb6e8363040aa5b16e74ab00158de395be06b9a18aff4afcc0154681,182890,"codex, openclaw, gemini, hermes",Real position Telegram risk card; Inventory Dashboard; broker-free research handoff; B2 risk review,high,Loaded into handoff pack unless missing; use live API/UI for external system facts.
IOS-INVENTORY,MAPLAB_IOS-INVENTORY_REAL_POSITION_REVIEW_MANAGER_DYNAMIC_ROLE_MODULE,AGENT_RULES.md,core governance,must_read,read,true,0e6152ddc7702ba02467da5dc63168c35ff0b6dfa911c6c91dbc0ae28bd86afb,68367,"codex, openclaw, gemini, hermes",Real position Telegram risk card; Inventory Dashboard; broker-free research handoff; B2 risk review,high,Loaded into handoff pack unless missing; use live API/UI for external system facts.
IOS-INVENTORY,MAPLAB_IOS-INVENTORY_REAL_POSITION_REVIEW_MANAGER_DYNAMIC_ROLE_MODULE,AGENT_STARTUP_PROTOCOL.md,core governance,must_read,read,true,bd8a0c28c16199c490b1e70395615801bb78442d2a1fce7c8e3f4de6ee7f8629,15026,"codex, openclaw, gemini, hermes",Real position Telegram risk card; Inventory Dashboard; broker-free research handoff; B2 risk review,high,Loaded into handoff pack unless missing; use live API/UI for external system facts.
IOS-INVENTORY,MAPLAB_IOS-INVENTORY_REAL_POSITION_REVIEW_MANAGER_DYNAMIC_ROLE_MODULE,pitfalls.md,core governance,must_read,read,true,947a3dcb898e36bbcb411a3f144f559d28b8aa2be3be1bdc1c81709cde3ad15a,145773,"codex, openclaw, gemini, hermes",Real position Telegram risk card; Inventory Dashboard; broker-free research handoff; B2 risk review,high,Loaded into handoff pack unless missing; use live API/UI for external system facts.
IOS-INVENTORY,MAPLAB_IOS-INVENTORY_REAL_POSITION_REVIEW_MANAGER_DYNAMIC_ROLE_MODULE,TASK_QUEUE.md,core governance,must_read,read,true,7735bfcdb9f2cc31f8938a4a16c9bdccded7be4647c17dc80e82887df00ddc39,5732,"codex, openclaw, gemini, hermes",Real position Telegram risk card; Inventory Dashboard; broker-free research handoff; B2 risk review,high,Loaded into handoff pack unless missing; use live API/UI for external system facts.
IOS-INVENTORY,MAPLAB_IOS-INVENTORY_REAL_POSITION_REVIEW_MANAGER_DYNAMIC_ROLE_MODULE,workbook/task_index.json,workbook artifact,must_read,read,true,a0a16a764e5db78fa40002dedccfafb5457b5e12d6eee37f9c2cdb14e9821be3,25422,"codex, openclaw, gemini, hermes",Real position Telegram risk card; Inventory Dashboard; broker-free research handoff; B2 risk review,high,Loaded into handoff pack unless missing; use live API/UI for external system facts.
IOS-INVENTORY,MAPLAB_IOS-INVENTORY_REAL_POSITION_REVIEW_MANAGER_DYNAMIC_ROLE_MODULE,AGENT_RECALL_PROMPTS.md,core governance,must_read,read,true,6af77fe389d20dac0079dfbf2954098d6c30d68c87fee4ae7c7cb8a1ad2f5722,81227,"codex, openclaw, gemini, hermes",Real position Telegram risk card; Inventory Dashboard; broker-free research handoff; B2 risk review,high,Loaded into handoff pack unless missing; use live API/UI for external system facts.
IOS-INVENTORY,MAPLAB_IOS-INVENTORY_REAL_POSITION_REVIEW_MANAGER_DYNAMIC_ROLE_MODULE,skills/superpowers-guide.md,skill / operating guide,must_read,read,true,8987b633b6f64545027e4744ec8ce3e8d85cf80127241dc79861dd5360407195,15373,"codex, openclaw, gemini, hermes",Real position Telegram risk card; Inventory Dashboard; broker-free research handoff; B2 risk review,high,Loaded into handoff pack unless missing; use live API/UI for external system facts.
IOS-INVENTORY,MAPLAB_IOS-INVENTORY_REAL_POSITION_REVIEW_MANAGER_DYNAMIC_ROLE_MODULE,skills/task-progress-guide.md,skill / operating guide,must_read,read,true,a0a8dce530f8b02cba8dba5cdd461d0c1e7a972373da867edebe06ec9b7b7eb5,10792,"codex, openclaw, gemini, hermes",Real position Telegram risk card; Inventory Dashboard; broker-free research handoff; B2 risk review,high,Loaded into handoff pack unless missing; use live API/UI for external system facts.
IOS-INVENTORY,MAPLAB_IOS-INVENTORY_REAL_POSITION_REVIEW_MANAGER_DYNAMIC_ROLE_MODULE,skills/session-lifecycle/SKILL.md,skill / operating guide,must_read,read,true,ba41f9ac9db25d3c3224a2ecd2e52cc74b989c8226bada767404034ec1eb76db,503,"codex, openclaw, gemini, hermes",Real position Telegram risk card; Inventory Dashboard; broker-free research handoff; B2 risk review,high,Loaded into handoff pack unless missing; use live API/UI for external system facts.
IOS-INVENTORY,MAPLAB_IOS-INVENTORY_REAL_POSITION_REVIEW_MANAGER_DYNAMIC_ROLE_MODULE,recalls/IOS_strategy_role_recall.md,role recall prompt,must_read,read,true,80dfcea66541cda844a086f99e19b34acb3973ab0fe4bb29febc295151023404,2743,"codex, openclaw, gemini, hermes",Real position Telegram risk card; Inventory Dashboard; broker-free research handoff; B2 risk review,high,Loaded into handoff pack unless missing; use live API/UI for external system facts.
IOS-INVENTORY,MAPLAB_IOS-INVENTORY_REAL_POSITION_REVIEW_MANAGER_DYNAMIC_ROLE_MODULE,projects/invest-os-strategy-role-system.md,project context,must_read,read,true,cfa9d2230eedf1902aa67a1a6e070514e13205442fcb7e1ea179f339c33fb24b,2819,"codex, openclaw, gemini, hermes",Real position Telegram risk card; Inventory Dashboard; broker-free research handoff; B2 risk review,high,Loaded into handoff pack unless missing; use live API/UI for external system facts.
IOS-INVENTORY,MAPLAB_IOS-INVENTORY_REAL_POSITION_REVIEW_MANAGER_DYNAMIC_ROLE_MODULE,skills/invest-os-b-role-system.md,skill / operating guide,must_read,read,true,9510ccd11d25511de43c4119d303c6e24a3cb209b677f3a491278c3e8a3641fc,1751,"codex, openclaw, gemini, hermes",Real position Telegram risk card; Inventory Dashboard; broker-free research handoff; B2 risk review,high,Loaded into handoff pack unless missing; use live API/UI for external system facts.
IOS-INVENTORY,MAPLAB_IOS-INVENTORY_REAL_POSITION_REVIEW_MANAGER_DYNAMIC_ROLE_MODULE,docs/openclaw/output-contract.md,governance or workflow document,must_read,read,true,368fad433ad22bf1f4fbeef3ef05d4baa179d4f9a93eff8f44639a4d430d03ba,1700,"codex, openclaw, gemini, hermes",Real position Telegram risk card; Inventory Dashboard; broker-free research handoff; B2 risk review,high,Loaded into handoff pack unless missing; use live API/UI for external system facts.
IOS-INVENTORY,MAPLAB_IOS-INVENTORY_REAL_POSITION_REVIEW_MANAGER_DYNAMIC_ROLE_MODULE,docs/openclaw/relation-graph.md,governance or workflow document,must_read,read,true,616551a8eb75ef2f74175902bdc6e13bd0af0d68409ca0ad6e70f5d0574bc197,1211,"codex, openclaw, gemini, hermes",Real position Telegram risk card; Inventory Dashboard; broker-free research handoff; B2 risk review,high,Loaded into handoff pack unless missing; use live API/UI for external system facts.
IOS-INVENTORY,MAPLAB_IOS-INVENTORY_REAL_POSITION_REVIEW_MANAGER_DYNAMIC_ROLE_MODULE,docs/openclaw/security-boundaries.md,governance or workflow document,must_read,read,true,b4426628c0f5ee1359f9c90fe1fc306321523f1d928fcf26db9c4ad95db63131,661,"codex, openclaw, gemini, hermes",Real position Telegram risk card; Inventory Dashboard; broker-free research handoff; B2 risk review,high,Loaded into handoff pack unless missing; use live API/UI for external system facts.
IOS-INVENTORY,MAPLAB_IOS-INVENTORY_REAL_POSITION_REVIEW_MANAGER_DYNAMIC_ROLE_MODULE,workbook/reviews/README.md,workbook artifact,must_read,read,true,91c65b9321e7f66e9ae0299d9f6832c3e01c8e8e6ef1c54daa3bc7f358691add,698,"codex, openclaw, gemini, hermes",Real position Telegram risk card; Inventory Dashboard; broker-free research handoff; B2 risk review,high,Loaded into handoff pack unless missing; use live API/UI for external system facts.
IOS-MACRO,MAPLAB_IOS-MACRO_MACRO_MASTER_DYNAMIC_ROLE_MODULE,CURRENT_STATUS.md,core governance,must_read,read,true,e586343ebb6e8363040aa5b16e74ab00158de395be06b9a18aff4afcc0154681,182890,"codex, openclaw, gemini, hermes",Macro Dashboard; risk weather card; B2 freshness review; B4 regime workflow fit,medium,Loaded into handoff pack unless missing; use live API/UI for external system facts.
IOS-MACRO,MAPLAB_IOS-MACRO_MACRO_MASTER_DYNAMIC_ROLE_MODULE,AGENT_RULES.md,core governance,must_read,read,true,0e6152ddc7702ba02467da5dc63168c35ff0b6dfa911c6c91dbc0ae28bd86afb,68367,"codex, openclaw, gemini, hermes",Macro Dashboard; risk weather card; B2 freshness review; B4 regime workflow fit,medium,Loaded into handoff pack unless missing; use live API/UI for external system facts.
IOS-MACRO,MAPLAB_IOS-MACRO_MACRO_MASTER_DYNAMIC_ROLE_MODULE,AGENT_STARTUP_PROTOCOL.md,core governance,must_read,read,true,bd8a0c28c16199c490b1e70395615801bb78442d2a1fce7c8e3f4de6ee7f8629,15026,"codex, openclaw, gemini, hermes",Macro Dashboard; risk weather card; B2 freshness review; B4 regime workflow fit,medium,Loaded into handoff pack unless missing; use live API/UI for external system facts.
IOS-MACRO,MAPLAB_IOS-MACRO_MACRO_MASTER_DYNAMIC_ROLE_MODULE,pitfalls.md,core governance,must_read,read,true,947a3dcb898e36bbcb411a3f144f559d28b8aa2be3be1bdc1c81709cde3ad15a,145773,"codex, openclaw, gemini, hermes",Macro Dashboard; risk weather card; B2 freshness review; B4 regime workflow fit,medium,Loaded into handoff pack unless missing; use live API/UI for external system facts.
IOS-MACRO,MAPLAB_IOS-MACRO_MACRO_MASTER_DYNAMIC_ROLE_MODULE,TASK_QUEUE.md,core governance,must_read,read,true,7735bfcdb9f2cc31f8938a4a16c9bdccded7be4647c17dc80e82887df00ddc39,5732,"codex, openclaw, gemini, hermes",Macro Dashboard; risk weather card; B2 freshness review; B4 regime workflow fit,medium,Loaded into handoff pack unless missing; use live API/UI for external system facts.
IOS-MACRO,MAPLAB_IOS-MACRO_MACRO_MASTER_DYNAMIC_ROLE_MODULE,workbook/task_index.json,workbook artifact,must_read,read,true,a0a16a764e5db78fa40002dedccfafb5457b5e12d6eee37f9c2cdb14e9821be3,25422,"codex, openclaw, gemini, hermes",Macro Dashboard; risk weather card; B2 freshness review; B4 regime workflow fit,medium,Loaded into handoff pack unless missing; use live API/UI for external system facts.
IOS-MACRO,MAPLAB_IOS-MACRO_MACRO_MASTER_DYNAMIC_ROLE_MODULE,AGENT_RECALL_PROMPTS.md,core governance,must_read,read,true,6af77fe389d20dac0079dfbf2954098d6c30d68c87fee4ae7c7cb8a1ad2f5722,81227,"codex, openclaw, gemini, hermes",Macro Dashboard; risk weather card; B2 freshness review; B4 regime workflow fit,medium,Loaded into handoff pack unless missing; use live API/UI for external system facts.
IOS-MACRO,MAPLAB_IOS-MACRO_MACRO_MASTER_DYNAMIC_ROLE_MODULE,skills/superpowers-guide.md,skill / operating guide,must_read,read,true,8987b633b6f64545027e4744ec8ce3e8d85cf80127241dc79861dd5360407195,15373,"codex, openclaw, gemini, hermes",Macro Dashboard; risk weather card; B2 freshness review; B4 regime workflow fit,medium,Loaded into handoff pack unless missing; use live API/UI for external system facts.
IOS-MACRO,MAPLAB_IOS-MACRO_MACRO_MASTER_DYNAMIC_ROLE_MODULE,skills/task-progress-guide.md,skill / operating guide,must_read,read,true,a0a8dce530f8b02cba8dba5cdd461d0c1e7a972373da867edebe06ec9b7b7eb5,10792,"codex, openclaw, gemini, hermes",Macro Dashboard; risk weather card; B2 freshness review; B4 regime workflow fit,medium,Loaded into handoff pack unless missing; use live API/UI for external system facts.
IOS-MACRO,MAPLAB_IOS-MACRO_MACRO_MASTER_DYNAMIC_ROLE_MODULE,skills/session-lifecycle/SKILL.md,skill / operating guide,must_read,read,true,ba41f9ac9db25d3c3224a2ecd2e52cc74b989c8226bada767404034ec1eb76db,503,"codex, openclaw, gemini, hermes",Macro Dashboard; risk weather card; B2 freshness review; B4 regime workflow fit,medium,Loaded into handoff pack unless missing; use live API/UI for external system facts.
IOS-MACRO,MAPLAB_IOS-MACRO_MACRO_MASTER_DYNAMIC_ROLE_MODULE,recalls/IOS_strategy_role_recall.md,role recall prompt,must_read,read,true,80dfcea66541cda844a086f99e19b34acb3973ab0fe4bb29febc295151023404,2743,"codex, openclaw, gemini, hermes",Macro Dashboard; risk weather card; B2 freshness review; B4 regime workflow fit,medium,Loaded into handoff pack unless missing; use live API/UI for external system facts.
IOS-MACRO,MAPLAB_IOS-MACRO_MACRO_MASTER_DYNAMIC_ROLE_MODULE,projects/invest-os-strategy-role-system.md,project context,must_read,read,true,cfa9d2230eedf1902aa67a1a6e070514e13205442fcb7e1ea179f339c33fb24b,2819,"codex, openclaw, gemini, hermes",Macro Dashboard; risk weather card; B2 freshness review; B4 regime workflow fit,medium,Loaded into handoff pack unless missing; use live API/UI for external system facts.
IOS-MACRO,MAPLAB_IOS-MACRO_MACRO_MASTER_DYNAMIC_ROLE_MODULE,skills/invest-os-b-role-system.md,skill / operating guide,must_read,read,true,9510ccd11d25511de43c4119d303c6e24a3cb209b677f3a491278c3e8a3641fc,1751,"codex, openclaw, gemini, hermes",Macro Dashboard; risk weather card; B2 freshness review; B4 regime workflow fit,medium,Loaded into handoff pack unless missing; use live API/UI for external system facts.
IOS-MACRO,MAPLAB_IOS-MACRO_MACRO_MASTER_DYNAMIC_ROLE_MODULE,docs/openclaw/output-contract.md,governance or workflow document,must_read,read,true,368fad433ad22bf1f4fbeef3ef05d4baa179d4f9a93eff8f44639a4d430d03ba,1700,"codex, openclaw, gemini, hermes",Macro Dashboard; risk weather card; B2 freshness review; B4 regime workflow fit,medium,Loaded into handoff pack unless missing; use live API/UI for external system facts.
IOS-MACRO,MAPLAB_IOS-MACRO_MACRO_MASTER_DYNAMIC_ROLE_MODULE,docs/openclaw/relation-graph.md,governance or workflow document,must_read,read,true,616551a8eb75ef2f74175902bdc6e13bd0af0d68409ca0ad6e70f5d0574bc197,1211,"codex, openclaw, gemini, hermes",Macro Dashboard; risk weather card; B2 freshness review; B4 regime workflow fit,medium,Loaded into handoff pack unless missing; use live API/UI for external system facts.
IOS-MACRO,MAPLAB_IOS-MACRO_MACRO_MASTER_DYNAMIC_ROLE_MODULE,docs/openclaw/security-boundaries.md,governance or workflow document,must_read,read,true,b4426628c0f5ee1359f9c90fe1fc306321523f1d928fcf26db9c4ad95db63131,661,"codex, openclaw, gemini, hermes",Macro Dashboard; risk weather card; B2 freshness review; B4 regime workflow fit,medium,Loaded into handoff pack unless missing; use live API/UI for external system facts.
IOS-MACRO,MAPLAB_IOS-MACRO_MACRO_MASTER_DYNAMIC_ROLE_MODULE,workbook/reviews/README.md,workbook artifact,must_read,read,true,91c65b9321e7f66e9ae0299d9f6832c3e01c8e8e6ef1c54daa3bc7f358691add,698,"codex, openclaw, gemini, hermes",Macro Dashboard; risk weather card; B2 freshness review; B4 regime workflow fit,medium,Loaded into handoff pack unless missing; use live API/UI for external system facts.
IOS-CHIP,MAPLAB_IOS-CHIP_CHIP_FLOW_MANAGER_DYNAMIC_ROLE_MODULE,CURRENT_STATUS.md,core governance,must_read,read,true,e586343ebb6e8363040aa5b16e74ab00158de395be06b9a18aff4afcc0154681,182890,"codex, openclaw, gemini, hermes",Chip merge; Momentum/Inventory/Macro downstream cards; B2 dataflow review,medium,Loaded into handoff pack unless missing; use live API/UI for external system facts.
IOS-CHIP,MAPLAB_IOS-CHIP_CHIP_FLOW_MANAGER_DYNAMIC_ROLE_MODULE,AGENT_RULES.md,core governance,must_read,read,true,0e6152ddc7702ba02467da5dc63168c35ff0b6dfa911c6c91dbc0ae28bd86afb,68367,"codex, openclaw, gemini, hermes",Chip merge; Momentum/Inventory/Macro downstream cards; B2 dataflow review,medium,Loaded into handoff pack unless missing; use live API/UI for external system facts.
IOS-CHIP,MAPLAB_IOS-CHIP_CHIP_FLOW_MANAGER_DYNAMIC_ROLE_MODULE,AGENT_STARTUP_PROTOCOL.md,core governance,must_read,read,true,bd8a0c28c16199c490b1e70395615801bb78442d2a1fce7c8e3f4de6ee7f8629,15026,"codex, openclaw, gemini, hermes",Chip merge; Momentum/Inventory/Macro downstream cards; B2 dataflow review,medium,Loaded into handoff pack unless missing; use live API/UI for external system facts.
IOS-CHIP,MAPLAB_IOS-CHIP_CHIP_FLOW_MANAGER_DYNAMIC_ROLE_MODULE,pitfalls.md,core governance,must_read,read,true,947a3dcb898e36bbcb411a3f144f559d28b8aa2be3be1bdc1c81709cde3ad15a,145773,"codex, openclaw, gemini, hermes",Chip merge; Momentum/Inventory/Macro downstream cards; B2 dataflow review,medium,Loaded into handoff pack unless missing; use live API/UI for external system facts.
IOS-CHIP,MAPLAB_IOS-CHIP_CHIP_FLOW_MANAGER_DYNAMIC_ROLE_MODULE,TASK_QUEUE.md,core governance,must_read,read,true,7735bfcdb9f2cc31f8938a4a16c9bdccded7be4647c17dc80e82887df00ddc39,5732,"codex, openclaw, gemini, hermes",Chip merge; Momentum/Inventory/Macro downstream cards; B2 dataflow review,medium,Loaded into handoff pack unless missing; use live API/UI for external system facts.
IOS-CHIP,MAPLAB_IOS-CHIP_CHIP_FLOW_MANAGER_DYNAMIC_ROLE_MODULE,workbook/task_index.json,workbook artifact,must_read,read,true,a0a16a764e5db78fa40002dedccfafb5457b5e12d6eee37f9c2cdb14e9821be3,25422,"codex, openclaw, gemini, hermes",Chip merge; Momentum/Inventory/Macro downstream cards; B2 dataflow review,medium,Loaded into handoff pack unless missing; use live API/UI for external system facts.
IOS-CHIP,MAPLAB_IOS-CHIP_CHIP_FLOW_MANAGER_DYNAMIC_ROLE_MODULE,AGENT_RECALL_PROMPTS.md,core governance,must_read,read,true,6af77fe389d20dac0079dfbf2954098d6c30d68c87fee4ae7c7cb8a1ad2f5722,81227,"codex, openclaw, gemini, hermes",Chip merge; Momentum/Inventory/Macro downstream cards; B2 dataflow review,medium,Loaded into handoff pack unless missing; use live API/UI for external system facts.
IOS-CHIP,MAPLAB_IOS-CHIP_CHIP_FLOW_MANAGER_DYNAMIC_ROLE_MODULE,skills/superpowers-guide.md,skill / operating guide,must_read,read,true,8987b633b6f64545027e4744ec8ce3e8d85cf80127241dc79861dd5360407195,15373,"codex, openclaw, gemini, hermes",Chip merge; Momentum/Inventory/Macro downstream cards; B2 dataflow review,medium,Loaded into handoff pack unless missing; use live API/UI for external system facts.
IOS-CHIP,MAPLAB_IOS-CHIP_CHIP_FLOW_MANAGER_DYNAMIC_ROLE_MODULE,skills/task-progress-guide.md,skill / operating guide,must_read,read,true,a0a8dce530f8b02cba8dba5cdd461d0c1e7a972373da867edebe06ec9b7b7eb5,10792,"codex, openclaw, gemini, hermes",Chip merge; Momentum/Inventory/Macro downstream cards; B2 dataflow review,medium,Loaded into handoff pack unless missing; use live API/UI for external system facts.
IOS-CHIP,MAPLAB_IOS-CHIP_CHIP_FLOW_MANAGER_DYNAMIC_ROLE_MODULE,skills/session-lifecycle/SKILL.md,skill / operating guide,must_read,read,true,ba41f9ac9db25d3c3224a2ecd2e52cc74b989c8226bada767404034ec1eb76db,503,"codex, openclaw, gemini, hermes",Chip merge; Momentum/Inventory/Macro downstream cards; B2 dataflow review,medium,Loaded into handoff pack unless missing; use live API/UI for external system facts.
IOS-CHIP,MAPLAB_IOS-CHIP_CHIP_FLOW_MANAGER_DYNAMIC_ROLE_MODULE,recalls/IOS_strategy_role_recall.md,role recall prompt,must_read,read,true,80dfcea66541cda844a086f99e19b34acb3973ab0fe4bb29febc295151023404,2743,"codex, openclaw, gemini, hermes",Chip merge; Momentum/Inventory/Macro downstream cards; B2 dataflow review,medium,Loaded into handoff pack unless missing; use live API/UI for external system facts.
IOS-CHIP,MAPLAB_IOS-CHIP_CHIP_FLOW_MANAGER_DYNAMIC_ROLE_MODULE,projects/invest-os-strategy-role-system.md,project context,must_read,read,true,cfa9d2230eedf1902aa67a1a6e070514e13205442fcb7e1ea179f339c33fb24b,2819,"codex, openclaw, gemini, hermes",Chip merge; Momentum/Inventory/Macro downstream cards; B2 dataflow review,medium,Loaded into handoff pack unless missing; use live API/UI for external system facts.
IOS-CHIP,MAPLAB_IOS-CHIP_CHIP_FLOW_MANAGER_DYNAMIC_ROLE_MODULE,skills/invest-os-b-role-system.md,skill / operating guide,must_read,read,true,9510ccd11d25511de43c4119d303c6e24a3cb209b677f3a491278c3e8a3641fc,1751,"codex, openclaw, gemini, hermes",Chip merge; Momentum/Inventory/Macro downstream cards; B2 dataflow review,medium,Loaded into handoff pack unless missing; use live API/UI for external system facts.
IOS-CHIP,MAPLAB_IOS-CHIP_CHIP_FLOW_MANAGER_DYNAMIC_ROLE_MODULE,docs/openclaw/output-contract.md,governance or workflow document,must_read,read,true,368fad433ad22bf1f4fbeef3ef05d4baa179d4f9a93eff8f44639a4d430d03ba,1700,"codex, openclaw, gemini, hermes",Chip merge; Momentum/Inventory/Macro downstream cards; B2 dataflow review,medium,Loaded into handoff pack unless missing; use live API/UI for external system facts.
IOS-CHIP,MAPLAB_IOS-CHIP_CHIP_FLOW_MANAGER_DYNAMIC_ROLE_MODULE,docs/openclaw/relation-graph.md,governance or workflow document,must_read,read,true,616551a8eb75ef2f74175902bdc6e13bd0af0d68409ca0ad6e70f5d0574bc197,1211,"codex, openclaw, gemini, hermes",Chip merge; Momentum/Inventory/Macro downstream cards; B2 dataflow review,medium,Loaded into handoff pack unless missing; use live API/UI for external system facts.
IOS-CHIP,MAPLAB_IOS-CHIP_CHIP_FLOW_MANAGER_DYNAMIC_ROLE_MODULE,docs/openclaw/security-boundaries.md,governance or workflow document,must_read,read,true,b4426628c0f5ee1359f9c90fe1fc306321523f1d928fcf26db9c4ad95db63131,661,"codex, openclaw, gemini, hermes",Chip merge; Momentum/Inventory/Macro downstream cards; B2 dataflow review,medium,Loaded into handoff pack unless missing; use live API/UI for external system facts.
IOS-CHIP,MAPLAB_IOS-CHIP_CHIP_FLOW_MANAGER_DYNAMIC_ROLE_MODULE,workbook/reviews/README.md,workbook artifact,must_read,read,true,91c65b9321e7f66e9ae0299d9f6832c3e01c8e8e6ef1c54daa3bc7f358691add,698,"codex, openclaw, gemini, hermes",Chip merge; Momentum/Inventory/Macro downstream cards; B2 dataflow review,medium,Loaded into handoff pack unless missing; use live API/UI for external system facts.
IOS-LEFT,MAPLAB_IOS-LEFT_LEFT_SIDE_RESEARCH_MANAGER_DYNAMIC_ROLE_MODULE,CURRENT_STATUS.md,core governance,must_read,read,true,e586343ebb6e8363040aa5b16e74ab00158de395be06b9a18aff4afcc0154681,182890,"codex, openclaw, gemini, hermes",Left-side Dashboard; OpenClaw research packet; B2 evidence review,medium,Loaded into handoff pack unless missing; use live API/UI for external system facts.
IOS-LEFT,MAPLAB_IOS-LEFT_LEFT_SIDE_RESEARCH_MANAGER_DYNAMIC_ROLE_MODULE,AGENT_RULES.md,core governance,must_read,read,true,0e6152ddc7702ba02467da5dc63168c35ff0b6dfa911c6c91dbc0ae28bd86afb,68367,"codex, openclaw, gemini, hermes",Left-side Dashboard; OpenClaw research packet; B2 evidence review,medium,Loaded into handoff pack unless missing; use live API/UI for external system facts.
IOS-LEFT,MAPLAB_IOS-LEFT_LEFT_SIDE_RESEARCH_MANAGER_DYNAMIC_ROLE_MODULE,AGENT_STARTUP_PROTOCOL.md,core governance,must_read,read,true,bd8a0c28c16199c490b1e70395615801bb78442d2a1fce7c8e3f4de6ee7f8629,15026,"codex, openclaw, gemini, hermes",Left-side Dashboard; OpenClaw research packet; B2 evidence review,medium,Loaded into handoff pack unless missing; use live API/UI for external system facts.
IOS-LEFT,MAPLAB_IOS-LEFT_LEFT_SIDE_RESEARCH_MANAGER_DYNAMIC_ROLE_MODULE,pitfalls.md,core governance,must_read,read,true,947a3dcb898e36bbcb411a3f144f559d28b8aa2be3be1bdc1c81709cde3ad15a,145773,"codex, openclaw, gemini, hermes",Left-side Dashboard; OpenClaw research packet; B2 evidence review,medium,Loaded into handoff pack unless missing; use live API/UI for external system facts.
IOS-LEFT,MAPLAB_IOS-LEFT_LEFT_SIDE_RESEARCH_MANAGER_DYNAMIC_ROLE_MODULE,TASK_QUEUE.md,core governance,must_read,read,true,7735bfcdb9f2cc31f8938a4a16c9bdccded7be4647c17dc80e82887df00ddc39,5732,"codex, openclaw, gemini, hermes",Left-side Dashboard; OpenClaw research packet; B2 evidence review,medium,Loaded into handoff pack unless missing; use live API/UI for external system facts.
IOS-LEFT,MAPLAB_IOS-LEFT_LEFT_SIDE_RESEARCH_MANAGER_DYNAMIC_ROLE_MODULE,workbook/task_index.json,workbook artifact,must_read,read,true,a0a16a764e5db78fa40002dedccfafb5457b5e12d6eee37f9c2cdb14e9821be3,25422,"codex, openclaw, gemini, hermes",Left-side Dashboard; OpenClaw research packet; B2 evidence review,medium,Loaded into handoff pack unless missing; use live API/UI for external system facts.
IOS-LEFT,MAPLAB_IOS-LEFT_LEFT_SIDE_RESEARCH_MANAGER_DYNAMIC_ROLE_MODULE,AGENT_RECALL_PROMPTS.md,core governance,must_read,read,true,6af77fe389d20dac0079dfbf2954098d6c30d68c87fee4ae7c7cb8a1ad2f5722,81227,"codex, openclaw, gemini, hermes",Left-side Dashboard; OpenClaw research packet; B2 evidence review,medium,Loaded into handoff pack unless missing; use live API/UI for external system facts.
IOS-LEFT,MAPLAB_IOS-LEFT_LEFT_SIDE_RESEARCH_MANAGER_DYNAMIC_ROLE_MODULE,skills/superpowers-guide.md,skill / operating guide,must_read,read,true,8987b633b6f64545027e4744ec8ce3e8d85cf80127241dc79861dd5360407195,15373,"codex, openclaw, gemini, hermes",Left-side Dashboard; OpenClaw research packet; B2 evidence review,medium,Loaded into handoff pack unless missing; use live API/UI for external system facts.
IOS-LEFT,MAPLAB_IOS-LEFT_LEFT_SIDE_RESEARCH_MANAGER_DYNAMIC_ROLE_MODULE,skills/task-progress-guide.md,skill / operating guide,must_read,read,true,a0a8dce530f8b02cba8dba5cdd461d0c1e7a972373da867edebe06ec9b7b7eb5,10792,"codex, openclaw, gemini, hermes",Left-side Dashboard; OpenClaw research packet; B2 evidence review,medium,Loaded into handoff pack unless missing; use live API/UI for external system facts.
IOS-LEFT,MAPLAB_IOS-LEFT_LEFT_SIDE_RESEARCH_MANAGER_DYNAMIC_ROLE_MODULE,skills/session-lifecycle/SKILL.md,skill / operating guide,must_read,read,true,ba41f9ac9db25d3c3224a2ecd2e52cc74b989c8226bada767404034ec1eb76db,503,"codex, openclaw, gemini, hermes",Left-side Dashboard; OpenClaw research packet; B2 evidence review,medium,Loaded into handoff pack unless missing; use live API/UI for external system facts.
IOS-LEFT,MAPLAB_IOS-LEFT_LEFT_SIDE_RESEARCH_MANAGER_DYNAMIC_ROLE_MODULE,recalls/IOS_strategy_role_recall.md,role recall prompt,must_read,read,true,80dfcea66541cda844a086f99e19b34acb3973ab0fe4bb29febc295151023404,2743,"codex, openclaw, gemini, hermes",Left-side Dashboard; OpenClaw research packet; B2 evidence review,medium,Loaded into handoff pack unless missing; use live API/UI for external system facts.
IOS-LEFT,MAPLAB_IOS-LEFT_LEFT_SIDE_RESEARCH_MANAGER_DYNAMIC_ROLE_MODULE,projects/invest-os-strategy-role-system.md,project context,must_read,read,true,cfa9d2230eedf1902aa67a1a6e070514e13205442fcb7e1ea179f339c33fb24b,2819,"codex, openclaw, gemini, hermes",Left-side Dashboard; OpenClaw research packet; B2 evidence review,medium,Loaded into handoff pack unless missing; use live API/UI for external system facts.
IOS-LEFT,MAPLAB_IOS-LEFT_LEFT_SIDE_RESEARCH_MANAGER_DYNAMIC_ROLE_MODULE,skills/invest-os-b-role-system.md,skill / operating guide,must_read,read,true,9510ccd11d25511de43c4119d303c6e24a3cb209b677f3a491278c3e8a3641fc,1751,"codex, openclaw, gemini, hermes",Left-side Dashboard; OpenClaw research packet; B2 evidence review,medium,Loaded into handoff pack unless missing; use live API/UI for external system facts.
IOS-LEFT,MAPLAB_IOS-LEFT_LEFT_SIDE_RESEARCH_MANAGER_DYNAMIC_ROLE_MODULE,docs/openclaw/output-contract.md,governance or workflow document,must_read,read,true,368fad433ad22bf1f4fbeef3ef05d4baa179d4f9a93eff8f44639a4d430d03ba,1700,"codex, openclaw, gemini, hermes",Left-side Dashboard; OpenClaw research packet; B2 evidence review,medium,Loaded into handoff pack unless missing; use live API/UI for external system facts.
IOS-LEFT,MAPLAB_IOS-LEFT_LEFT_SIDE_RESEARCH_MANAGER_DYNAMIC_ROLE_MODULE,docs/openclaw/relation-graph.md,governance or workflow document,must_read,read,true,616551a8eb75ef2f74175902bdc6e13bd0af0d68409ca0ad6e70f5d0574bc197,1211,"codex, openclaw, gemini, hermes",Left-side Dashboard; OpenClaw research packet; B2 evidence review,medium,Loaded into handoff pack unless missing; use live API/UI for external system facts.
IOS-LEFT,MAPLAB_IOS-LEFT_LEFT_SIDE_RESEARCH_MANAGER_DYNAMIC_ROLE_MODULE,docs/openclaw/security-boundaries.md,governance or workflow document,must_read,read,true,b4426628c0f5ee1359f9c90fe1fc306321523f1d928fcf26db9c4ad95db63131,661,"codex, openclaw, gemini, hermes",Left-side Dashboard; OpenClaw research packet; B2 evidence review,medium,Loaded into handoff pack unless missing; use live API/UI for external system facts.
IOS-LEFT,MAPLAB_IOS-LEFT_LEFT_SIDE_RESEARCH_MANAGER_DYNAMIC_ROLE_MODULE,workbook/reviews/README.md,workbook artifact,must_read,read,true,91c65b9321e7f66e9ae0299d9f6832c3e01c8e8e6ef1c54daa3bc7f358691add,698,"codex, openclaw, gemini, hermes",Left-side Dashboard; OpenClaw research packet; B2 evidence review,medium,Loaded into handoff pack unless missing; use live API/UI for external system facts.
IOS-RIGHT,MAPLAB_IOS-RIGHT_RIGHT_SIDE_EXECUTION_MANAGER_DYNAMIC_ROLE_MODULE,CURRENT_STATUS.md,core governance,must_read,read,true,e586343ebb6e8363040aa5b16e74ab00158de395be06b9a18aff4afcc0154681,182890,"codex, openclaw, gemini, hermes",Trader Dashboard; opening playbook Telegram; B2 action-boundary review,high,Loaded into handoff pack unless missing; use live API/UI for external system facts.
IOS-RIGHT,MAPLAB_IOS-RIGHT_RIGHT_SIDE_EXECUTION_MANAGER_DYNAMIC_ROLE_MODULE,AGENT_RULES.md,core governance,must_read,read,true,0e6152ddc7702ba02467da5dc63168c35ff0b6dfa911c6c91dbc0ae28bd86afb,68367,"codex, openclaw, gemini, hermes",Trader Dashboard; opening playbook Telegram; B2 action-boundary review,high,Loaded into handoff pack unless missing; use live API/UI for external system facts.
IOS-RIGHT,MAPLAB_IOS-RIGHT_RIGHT_SIDE_EXECUTION_MANAGER_DYNAMIC_ROLE_MODULE,AGENT_STARTUP_PROTOCOL.md,core governance,must_read,read,true,bd8a0c28c16199c490b1e70395615801bb78442d2a1fce7c8e3f4de6ee7f8629,15026,"codex, openclaw, gemini, hermes",Trader Dashboard; opening playbook Telegram; B2 action-boundary review,high,Loaded into handoff pack unless missing; use live API/UI for external system facts.
IOS-RIGHT,MAPLAB_IOS-RIGHT_RIGHT_SIDE_EXECUTION_MANAGER_DYNAMIC_ROLE_MODULE,pitfalls.md,core governance,must_read,read,true,947a3dcb898e36bbcb411a3f144f559d28b8aa2be3be1bdc1c81709cde3ad15a,145773,"codex, openclaw, gemini, hermes",Trader Dashboard; opening playbook Telegram; B2 action-boundary review,high,Loaded into handoff pack unless missing; use live API/UI for external system facts.
IOS-RIGHT,MAPLAB_IOS-RIGHT_RIGHT_SIDE_EXECUTION_MANAGER_DYNAMIC_ROLE_MODULE,TASK_QUEUE.md,core governance,must_read,read,true,7735bfcdb9f2cc31f8938a4a16c9bdccded7be4647c17dc80e82887df00ddc39,5732,"codex, openclaw, gemini, hermes",Trader Dashboard; opening playbook Telegram; B2 action-boundary review,high,Loaded into handoff pack unless missing; use live API/UI for external system facts.
IOS-RIGHT,MAPLAB_IOS-RIGHT_RIGHT_SIDE_EXECUTION_MANAGER_DYNAMIC_ROLE_MODULE,workbook/task_index.json,workbook artifact,must_read,read,true,a0a16a764e5db78fa40002dedccfafb5457b5e12d6eee37f9c2cdb14e9821be3,25422,"codex, openclaw, gemini, hermes",Trader Dashboard; opening playbook Telegram; B2 action-boundary review,high,Loaded into handoff pack unless missing; use live API/UI for external system facts.
IOS-RIGHT,MAPLAB_IOS-RIGHT_RIGHT_SIDE_EXECUTION_MANAGER_DYNAMIC_ROLE_MODULE,AGENT_RECALL_PROMPTS.md,core governance,must_read,read,true,6af77fe389d20dac0079dfbf2954098d6c30d68c87fee4ae7c7cb8a1ad2f5722,81227,"codex, openclaw, gemini, hermes",Trader Dashboard; opening playbook Telegram; B2 action-boundary review,high,Loaded into handoff pack unless missing; use live API/UI for external system facts.
IOS-RIGHT,MAPLAB_IOS-RIGHT_RIGHT_SIDE_EXECUTION_MANAGER_DYNAMIC_ROLE_MODULE,skills/superpowers-guide.md,skill / operating guide,must_read,read,true,8987b633b6f64545027e4744ec8ce3e8d85cf80127241dc79861dd5360407195,15373,"codex, openclaw, gemini, hermes",Trader Dashboard; opening playbook Telegram; B2 action-boundary review,high,Loaded into handoff pack unless missing; use live API/UI for external system facts.
IOS-RIGHT,MAPLAB_IOS-RIGHT_RIGHT_SIDE_EXECUTION_MANAGER_DYNAMIC_ROLE_MODULE,skills/task-progress-guide.md,skill / operating guide,must_read,read,true,a0a8dce530f8b02cba8dba5cdd461d0c1e7a972373da867edebe06ec9b7b7eb5,10792,"codex, openclaw, gemini, hermes",Trader Dashboard; opening playbook Telegram; B2 action-boundary review,high,Loaded into handoff pack unless missing; use live API/UI for external system facts.
IOS-RIGHT,MAPLAB_IOS-RIGHT_RIGHT_SIDE_EXECUTION_MANAGER_DYNAMIC_ROLE_MODULE,skills/session-lifecycle/SKILL.md,skill / operating guide,must_read,read,true,ba41f9ac9db25d3c3224a2ecd2e52cc74b989c8226bada767404034ec1eb76db,503,"codex, openclaw, gemini, hermes",Trader Dashboard; opening playbook Telegram; B2 action-boundary review,high,Loaded into handoff pack unless missing; use live API/UI for external system facts.
IOS-RIGHT,MAPLAB_IOS-RIGHT_RIGHT_SIDE_EXECUTION_MANAGER_DYNAMIC_ROLE_MODULE,recalls/IOS_strategy_role_recall.md,role recall prompt,must_read,read,true,80dfcea66541cda844a086f99e19b34acb3973ab0fe4bb29febc295151023404,2743,"codex, openclaw, gemini, hermes",Trader Dashboard; opening playbook Telegram; B2 action-boundary review,high,Loaded into handoff pack unless missing; use live API/UI for external system facts.
IOS-RIGHT,MAPLAB_IOS-RIGHT_RIGHT_SIDE_EXECUTION_MANAGER_DYNAMIC_ROLE_MODULE,projects/invest-os-strategy-role-system.md,project context,must_read,read,true,cfa9d2230eedf1902aa67a1a6e070514e13205442fcb7e1ea179f339c33fb24b,2819,"codex, openclaw, gemini, hermes",Trader Dashboard; opening playbook Telegram; B2 action-boundary review,high,Loaded into handoff pack unless missing; use live API/UI for external system facts.
IOS-RIGHT,MAPLAB_IOS-RIGHT_RIGHT_SIDE_EXECUTION_MANAGER_DYNAMIC_ROLE_MODULE,skills/invest-os-b-role-system.md,skill / operating guide,must_read,read,true,9510ccd11d25511de43c4119d303c6e24a3cb209b677f3a491278c3e8a3641fc,1751,"codex, openclaw, gemini, hermes",Trader Dashboard; opening playbook Telegram; B2 action-boundary review,high,Loaded into handoff pack unless missing; use live API/UI for external system facts.
IOS-RIGHT,MAPLAB_IOS-RIGHT_RIGHT_SIDE_EXECUTION_MANAGER_DYNAMIC_ROLE_MODULE,docs/openclaw/output-contract.md,governance or workflow document,must_read,read,true,368fad433ad22bf1f4fbeef3ef05d4baa179d4f9a93eff8f44639a4d430d03ba,1700,"codex, openclaw, gemini, hermes",Trader Dashboard; opening playbook Telegram; B2 action-boundary review,high,Loaded into handoff pack unless missing; use live API/UI for external system facts.
IOS-RIGHT,MAPLAB_IOS-RIGHT_RIGHT_SIDE_EXECUTION_MANAGER_DYNAMIC_ROLE_MODULE,docs/openclaw/relation-graph.md,governance or workflow document,must_read,read,true,616551a8eb75ef2f74175902bdc6e13bd0af0d68409ca0ad6e70f5d0574bc197,1211,"codex, openclaw, gemini, hermes",Trader Dashboard; opening playbook Telegram; B2 action-boundary review,high,Loaded into handoff pack unless missing; use live API/UI for external system facts.
IOS-RIGHT,MAPLAB_IOS-RIGHT_RIGHT_SIDE_EXECUTION_MANAGER_DYNAMIC_ROLE_MODULE,docs/openclaw/security-boundaries.md,governance or workflow document,must_read,read,true,b4426628c0f5ee1359f9c90fe1fc306321523f1d928fcf26db9c4ad95db63131,661,"codex, openclaw, gemini, hermes",Trader Dashboard; opening playbook Telegram; B2 action-boundary review,high,Loaded into handoff pack unless missing; use live API/UI for external system facts.
IOS-RIGHT,MAPLAB_IOS-RIGHT_RIGHT_SIDE_EXECUTION_MANAGER_DYNAMIC_ROLE_MODULE,workbook/reviews/README.md,workbook artifact,must_read,read,true,91c65b9321e7f66e9ae0299d9f6832c3e01c8e8e6ef1c54daa3bc7f358691add,698,"codex, openclaw, gemini, hermes",Trader Dashboard; opening playbook Telegram; B2 action-boundary review,high,Loaded into handoff pack unless missing; use live API/UI for external system facts.
IOS-EVIDENCE,MAPLAB_IOS-EVIDENCE_RESEARCH_EVIDENCE_MANAGER_DYNAMIC_ROLE_MODULE,CURRENT_STATUS.md,core governance,must_read,read,true,e586343ebb6e8363040aa5b16e74ab00158de395be06b9a18aff4afcc0154681,182890,"codex, openclaw, gemini, hermes",Research Evidence Dashboard; OpenClaw/Hermes evidence packets; B2 review contracts,medium,Loaded into handoff pack unless missing; use live API/UI for external system facts.
IOS-EVIDENCE,MAPLAB_IOS-EVIDENCE_RESEARCH_EVIDENCE_MANAGER_DYNAMIC_ROLE_MODULE,AGENT_RULES.md,core governance,must_read,read,true,0e6152ddc7702ba02467da5dc63168c35ff0b6dfa911c6c91dbc0ae28bd86afb,68367,"codex, openclaw, gemini, hermes",Research Evidence Dashboard; OpenClaw/Hermes evidence packets; B2 review contracts,medium,Loaded into handoff pack unless missing; use live API/UI for external system facts.
IOS-EVIDENCE,MAPLAB_IOS-EVIDENCE_RESEARCH_EVIDENCE_MANAGER_DYNAMIC_ROLE_MODULE,AGENT_STARTUP_PROTOCOL.md,core governance,must_read,read,true,bd8a0c28c16199c490b1e70395615801bb78442d2a1fce7c8e3f4de6ee7f8629,15026,"codex, openclaw, gemini, hermes",Research Evidence Dashboard; OpenClaw/Hermes evidence packets; B2 review contracts,medium,Loaded into handoff pack unless missing; use live API/UI for external system facts.
IOS-EVIDENCE,MAPLAB_IOS-EVIDENCE_RESEARCH_EVIDENCE_MANAGER_DYNAMIC_ROLE_MODULE,pitfalls.md,core governance,must_read,read,true,947a3dcb898e36bbcb411a3f144f559d28b8aa2be3be1bdc1c81709cde3ad15a,145773,"codex, openclaw, gemini, hermes",Research Evidence Dashboard; OpenClaw/Hermes evidence packets; B2 review contracts,medium,Loaded into handoff pack unless missing; use live API/UI for external system facts.
IOS-EVIDENCE,MAPLAB_IOS-EVIDENCE_RESEARCH_EVIDENCE_MANAGER_DYNAMIC_ROLE_MODULE,TASK_QUEUE.md,core governance,must_read,read,true,7735bfcdb9f2cc31f8938a4a16c9bdccded7be4647c17dc80e82887df00ddc39,5732,"codex, openclaw, gemini, hermes",Research Evidence Dashboard; OpenClaw/Hermes evidence packets; B2 review contracts,medium,Loaded into handoff pack unless missing; use live API/UI for external system facts.
IOS-EVIDENCE,MAPLAB_IOS-EVIDENCE_RESEARCH_EVIDENCE_MANAGER_DYNAMIC_ROLE_MODULE,workbook/task_index.json,workbook artifact,must_read,read,true,a0a16a764e5db78fa40002dedccfafb5457b5e12d6eee37f9c2cdb14e9821be3,25422,"codex, openclaw, gemini, hermes",Research Evidence Dashboard; OpenClaw/Hermes evidence packets; B2 review contracts,medium,Loaded into handoff pack unless missing; use live API/UI for external system facts.
IOS-EVIDENCE,MAPLAB_IOS-EVIDENCE_RESEARCH_EVIDENCE_MANAGER_DYNAMIC_ROLE_MODULE,AGENT_RECALL_PROMPTS.md,core governance,must_read,read,true,6af77fe389d20dac0079dfbf2954098d6c30d68c87fee4ae7c7cb8a1ad2f5722,81227,"codex, openclaw, gemini, hermes",Research Evidence Dashboard; OpenClaw/Hermes evidence packets; B2 review contracts,medium,Loaded into handoff pack unless missing; use live API/UI for external system facts.
IOS-EVIDENCE,MAPLAB_IOS-EVIDENCE_RESEARCH_EVIDENCE_MANAGER_DYNAMIC_ROLE_MODULE,skills/superpowers-guide.md,skill / operating guide,must_read,read,true,8987b633b6f64545027e4744ec8ce3e8d85cf80127241dc79861dd5360407195,15373,"codex, openclaw, gemini, hermes",Research Evidence Dashboard; OpenClaw/Hermes evidence packets; B2 review contracts,medium,Loaded into handoff pack unless missing; use live API/UI for external system facts.
IOS-EVIDENCE,MAPLAB_IOS-EVIDENCE_RESEARCH_EVIDENCE_MANAGER_DYNAMIC_ROLE_MODULE,skills/task-progress-guide.md,skill / operating guide,must_read,read,true,a0a8dce530f8b02cba8dba5cdd461d0c1e7a972373da867edebe06ec9b7b7eb5,10792,"codex, openclaw, gemini, hermes",Research Evidence Dashboard; OpenClaw/Hermes evidence packets; B2 review contracts,medium,Loaded into handoff pack unless missing; use live API/UI for external system facts.
IOS-EVIDENCE,MAPLAB_IOS-EVIDENCE_RESEARCH_EVIDENCE_MANAGER_DYNAMIC_ROLE_MODULE,skills/session-lifecycle/SKILL.md,skill / operating guide,must_read,read,true,ba41f9ac9db25d3c3224a2ecd2e52cc74b989c8226bada767404034ec1eb76db,503,"codex, openclaw, gemini, hermes",Research Evidence Dashboard; OpenClaw/Hermes evidence packets; B2 review contracts,medium,Loaded into handoff pack unless missing; use live API/UI for external system facts.
IOS-EVIDENCE,MAPLAB_IOS-EVIDENCE_RESEARCH_EVIDENCE_MANAGER_DYNAMIC_ROLE_MODULE,recalls/IOS_strategy_role_recall.md,role recall prompt,must_read,read,true,80dfcea66541cda844a086f99e19b34acb3973ab0fe4bb29febc295151023404,2743,"codex, openclaw, gemini, hermes",Research Evidence Dashboard; OpenClaw/Hermes evidence packets; B2 review contracts,medium,Loaded into handoff pack unless missing; use live API/UI for external system facts.
IOS-EVIDENCE,MAPLAB_IOS-EVIDENCE_RESEARCH_EVIDENCE_MANAGER_DYNAMIC_ROLE_MODULE,projects/invest-os-strategy-role-system.md,project context,must_read,read,true,cfa9d2230eedf1902aa67a1a6e070514e13205442fcb7e1ea179f339c33fb24b,2819,"codex, openclaw, gemini, hermes",Research Evidence Dashboard; OpenClaw/Hermes evidence packets; B2 review contracts,medium,Loaded into handoff pack unless missing; use live API/UI for external system facts.
IOS-EVIDENCE,MAPLAB_IOS-EVIDENCE_RESEARCH_EVIDENCE_MANAGER_DYNAMIC_ROLE_MODULE,skills/invest-os-b-role-system.md,skill / operating guide,must_read,read,true,9510ccd11d25511de43c4119d303c6e24a3cb209b677f3a491278c3e8a3641fc,1751,"codex, openclaw, gemini, hermes",Research Evidence Dashboard; OpenClaw/Hermes evidence packets; B2 review contracts,medium,Loaded into handoff pack unless missing; use live API/UI for external system facts.
IOS-EVIDENCE,MAPLAB_IOS-EVIDENCE_RESEARCH_EVIDENCE_MANAGER_DYNAMIC_ROLE_MODULE,docs/openclaw/output-contract.md,governance or workflow document,must_read,read,true,368fad433ad22bf1f4fbeef3ef05d4baa179d4f9a93eff8f44639a4d430d03ba,1700,"codex, openclaw, gemini, hermes",Research Evidence Dashboard; OpenClaw/Hermes evidence packets; B2 review contracts,medium,Loaded into handoff pack unless missing; use live API/UI for external system facts.
IOS-EVIDENCE,MAPLAB_IOS-EVIDENCE_RESEARCH_EVIDENCE_MANAGER_DYNAMIC_ROLE_MODULE,docs/openclaw/relation-graph.md,governance or workflow document,must_read,read,true,616551a8eb75ef2f74175902bdc6e13bd0af0d68409ca0ad6e70f5d0574bc197,1211,"codex, openclaw, gemini, hermes",Research Evidence Dashboard; OpenClaw/Hermes evidence packets; B2 review contracts,medium,Loaded into handoff pack unless missing; use live API/UI for external system facts.
IOS-EVIDENCE,MAPLAB_IOS-EVIDENCE_RESEARCH_EVIDENCE_MANAGER_DYNAMIC_ROLE_MODULE,docs/openclaw/security-boundaries.md,governance or workflow document,must_read,read,true,b4426628c0f5ee1359f9c90fe1fc306321523f1d928fcf26db9c4ad95db63131,661,"codex, openclaw, gemini, hermes",Research Evidence Dashboard; OpenClaw/Hermes evidence packets; B2 review contracts,medium,Loaded into handoff pack unless missing; use live API/UI for external system facts.
IOS-EVIDENCE,MAPLAB_IOS-EVIDENCE_RESEARCH_EVIDENCE_MANAGER_DYNAMIC_ROLE_MODULE,workbook/reviews/README.md,workbook artifact,must_read,read,true,91c65b9321e7f66e9ae0299d9f6832c3e01c8e8e6ef1c54daa3bc7f358691add,698,"codex, openclaw, gemini, hermes",Research Evidence Dashboard; OpenClaw/Hermes evidence packets; B2 review contracts,medium,Loaded into handoff pack unless missing; use live API/UI for external system facts.
IOS-SIM,MAPLAB_IOS-SIM_SIMULATION_LEDGER_MANAGER_DYNAMIC_ROLE_MODULE,CURRENT_STATUS.md,core governance,must_read,read,true,e586343ebb6e8363040aa5b16e74ab00158de395be06b9a18aff4afcc0154681,182890,"codex, openclaw, gemini, hermes",Simulation Dashboard; local ledger reports; B2 broker-boundary review,medium,Loaded into handoff pack unless missing; use live API/UI for external system facts.
IOS-SIM,MAPLAB_IOS-SIM_SIMULATION_LEDGER_MANAGER_DYNAMIC_ROLE_MODULE,AGENT_RULES.md,core governance,must_read,read,true,0e6152ddc7702ba02467da5dc63168c35ff0b6dfa911c6c91dbc0ae28bd86afb,68367,"codex, openclaw, gemini, hermes",Simulation Dashboard; local ledger reports; B2 broker-boundary review,medium,Loaded into handoff pack unless missing; use live API/UI for external system facts.
IOS-SIM,MAPLAB_IOS-SIM_SIMULATION_LEDGER_MANAGER_DYNAMIC_ROLE_MODULE,AGENT_STARTUP_PROTOCOL.md,core governance,must_read,read,true,bd8a0c28c16199c490b1e70395615801bb78442d2a1fce7c8e3f4de6ee7f8629,15026,"codex, openclaw, gemini, hermes",Simulation Dashboard; local ledger reports; B2 broker-boundary review,medium,Loaded into handoff pack unless missing; use live API/UI for external system facts.
IOS-SIM,MAPLAB_IOS-SIM_SIMULATION_LEDGER_MANAGER_DYNAMIC_ROLE_MODULE,pitfalls.md,core governance,must_read,read,true,947a3dcb898e36bbcb411a3f144f559d28b8aa2be3be1bdc1c81709cde3ad15a,145773,"codex, openclaw, gemini, hermes",Simulation Dashboard; local ledger reports; B2 broker-boundary review,medium,Loaded into handoff pack unless missing; use live API/UI for external system facts.
IOS-SIM,MAPLAB_IOS-SIM_SIMULATION_LEDGER_MANAGER_DYNAMIC_ROLE_MODULE,TASK_QUEUE.md,core governance,must_read,read,true,7735bfcdb9f2cc31f8938a4a16c9bdccded7be4647c17dc80e82887df00ddc39,5732,"codex, openclaw, gemini, hermes",Simulation Dashboard; local ledger reports; B2 broker-boundary review,medium,Loaded into handoff pack unless missing; use live API/UI for external system facts.
IOS-SIM,MAPLAB_IOS-SIM_SIMULATION_LEDGER_MANAGER_DYNAMIC_ROLE_MODULE,workbook/task_index.json,workbook artifact,must_read,read,true,a0a16a764e5db78fa40002dedccfafb5457b5e12d6eee37f9c2cdb14e9821be3,25422,"codex, openclaw, gemini, hermes",Simulation Dashboard; local ledger reports; B2 broker-boundary review,medium,Loaded into handoff pack unless missing; use live API/UI for external system facts.
IOS-SIM,MAPLAB_IOS-SIM_SIMULATION_LEDGER_MANAGER_DYNAMIC_ROLE_MODULE,AGENT_RECALL_PROMPTS.md,core governance,must_read,read,true,6af77fe389d20dac0079dfbf2954098d6c30d68c87fee4ae7c7cb8a1ad2f5722,81227,"codex, openclaw, gemini, hermes",Simulation Dashboard; local ledger reports; B2 broker-boundary review,medium,Loaded into handoff pack unless missing; use live API/UI for external system facts.
IOS-SIM,MAPLAB_IOS-SIM_SIMULATION_LEDGER_MANAGER_DYNAMIC_ROLE_MODULE,skills/superpowers-guide.md,skill / operating guide,must_read,read,true,8987b633b6f64545027e4744ec8ce3e8d85cf80127241dc79861dd5360407195,15373,"codex, openclaw, gemini, hermes",Simulation Dashboard; local ledger reports; B2 broker-boundary review,medium,Loaded into handoff pack unless missing; use live API/UI for external system facts.
IOS-SIM,MAPLAB_IOS-SIM_SIMULATION_LEDGER_MANAGER_DYNAMIC_ROLE_MODULE,skills/task-progress-guide.md,skill / operating guide,must_read,read,true,a0a8dce530f8b02cba8dba5cdd461d0c1e7a972373da867edebe06ec9b7b7eb5,10792,"codex, openclaw, gemini, hermes",Simulation Dashboard; local ledger reports; B2 broker-boundary review,medium,Loaded into handoff pack unless missing; use live API/UI for external system facts.
IOS-SIM,MAPLAB_IOS-SIM_SIMULATION_LEDGER_MANAGER_DYNAMIC_ROLE_MODULE,skills/session-lifecycle/SKILL.md,skill / operating guide,must_read,read,true,ba41f9ac9db25d3c3224a2ecd2e52cc74b989c8226bada767404034ec1eb76db,503,"codex, openclaw, gemini, hermes",Simulation Dashboard; local ledger reports; B2 broker-boundary review,medium,Loaded into handoff pack unless missing; use live API/UI for external system facts.
IOS-SIM,MAPLAB_IOS-SIM_SIMULATION_LEDGER_MANAGER_DYNAMIC_ROLE_MODULE,recalls/IOS_strategy_role_recall.md,role recall prompt,must_read,read,true,80dfcea66541cda844a086f99e19b34acb3973ab0fe4bb29febc295151023404,2743,"codex, openclaw, gemini, hermes",Simulation Dashboard; local ledger reports; B2 broker-boundary review,medium,Loaded into handoff pack unless missing; use live API/UI for external system facts.
IOS-SIM,MAPLAB_IOS-SIM_SIMULATION_LEDGER_MANAGER_DYNAMIC_ROLE_MODULE,projects/invest-os-strategy-role-system.md,project context,must_read,read,true,cfa9d2230eedf1902aa67a1a6e070514e13205442fcb7e1ea179f339c33fb24b,2819,"codex, openclaw, gemini, hermes",Simulation Dashboard; local ledger reports; B2 broker-boundary review,medium,Loaded into handoff pack unless missing; use live API/UI for external system facts.
IOS-SIM,MAPLAB_IOS-SIM_SIMULATION_LEDGER_MANAGER_DYNAMIC_ROLE_MODULE,skills/invest-os-b-role-system.md,skill / operating guide,must_read,read,true,9510ccd11d25511de43c4119d303c6e24a3cb209b677f3a491278c3e8a3641fc,1751,"codex, openclaw, gemini, hermes",Simulation Dashboard; local ledger reports; B2 broker-boundary review,medium,Loaded into handoff pack unless missing; use live API/UI for external system facts.
IOS-SIM,MAPLAB_IOS-SIM_SIMULATION_LEDGER_MANAGER_DYNAMIC_ROLE_MODULE,docs/openclaw/output-contract.md,governance or workflow document,must_read,read,true,368fad433ad22bf1f4fbeef3ef05d4baa179d4f9a93eff8f44639a4d430d03ba,1700,"codex, openclaw, gemini, hermes",Simulation Dashboard; local ledger reports; B2 broker-boundary review,medium,Loaded into handoff pack unless missing; use live API/UI for external system facts.
IOS-SIM,MAPLAB_IOS-SIM_SIMULATION_LEDGER_MANAGER_DYNAMIC_ROLE_MODULE,docs/openclaw/relation-graph.md,governance or workflow document,must_read,read,true,616551a8eb75ef2f74175902bdc6e13bd0af0d68409ca0ad6e70f5d0574bc197,1211,"codex, openclaw, gemini, hermes",Simulation Dashboard; local ledger reports; B2 broker-boundary review,medium,Loaded into handoff pack unless missing; use live API/UI for external system facts.
IOS-SIM,MAPLAB_IOS-SIM_SIMULATION_LEDGER_MANAGER_DYNAMIC_ROLE_MODULE,docs/openclaw/security-boundaries.md,governance or workflow document,must_read,read,true,b4426628c0f5ee1359f9c90fe1fc306321523f1d928fcf26db9c4ad95db63131,661,"codex, openclaw, gemini, hermes",Simulation Dashboard; local ledger reports; B2 broker-boundary review,medium,Loaded into handoff pack unless missing; use live API/UI for external system facts.
IOS-SIM,MAPLAB_IOS-SIM_SIMULATION_LEDGER_MANAGER_DYNAMIC_ROLE_MODULE,workbook/reviews/README.md,workbook artifact,must_read,read,true,91c65b9321e7f66e9ae0299d9f6832c3e01c8e8e6ef1c54daa3bc7f358691add,698,"codex, openclaw, gemini, hermes",Simulation Dashboard; local ledger reports; B2 broker-boundary review,medium,Loaded into handoff pack unless missing; use live API/UI for external system facts.
IOS-FAMILY,MAPLAB_IOS-FAMILY_FAMILY_FUND_MANAGER_DYNAMIC_ROLE_MODULE,CURRENT_STATUS.md,core governance,must_read,read,true,e586343ebb6e8363040aa5b16e74ab00158de395be06b9a18aff4afcc0154681,182890,"codex, openclaw, gemini, hermes",Family fund Dashboard; account-level charts; B2 source separation review,medium,Loaded into handoff pack unless missing; use live API/UI for external system facts.
IOS-FAMILY,MAPLAB_IOS-FAMILY_FAMILY_FUND_MANAGER_DYNAMIC_ROLE_MODULE,AGENT_RULES.md,core governance,must_read,read,true,0e6152ddc7702ba02467da5dc63168c35ff0b6dfa911c6c91dbc0ae28bd86afb,68367,"codex, openclaw, gemini, hermes",Family fund Dashboard; account-level charts; B2 source separation review,medium,Loaded into handoff pack unless missing; use live API/UI for external system facts.
IOS-FAMILY,MAPLAB_IOS-FAMILY_FAMILY_FUND_MANAGER_DYNAMIC_ROLE_MODULE,AGENT_STARTUP_PROTOCOL.md,core governance,must_read,read,true,bd8a0c28c16199c490b1e70395615801bb78442d2a1fce7c8e3f4de6ee7f8629,15026,"codex, openclaw, gemini, hermes",Family fund Dashboard; account-level charts; B2 source separation review,medium,Loaded into handoff pack unless missing; use live API/UI for external system facts.
IOS-FAMILY,MAPLAB_IOS-FAMILY_FAMILY_FUND_MANAGER_DYNAMIC_ROLE_MODULE,pitfalls.md,core governance,must_read,read,true,947a3dcb898e36bbcb411a3f144f559d28b8aa2be3be1bdc1c81709cde3ad15a,145773,"codex, openclaw, gemini, hermes",Family fund Dashboard; account-level charts; B2 source separation review,medium,Loaded into handoff pack unless missing; use live API/UI for external system facts.
IOS-FAMILY,MAPLAB_IOS-FAMILY_FAMILY_FUND_MANAGER_DYNAMIC_ROLE_MODULE,TASK_QUEUE.md,core governance,must_read,read,true,7735bfcdb9f2cc31f8938a4a16c9bdccded7be4647c17dc80e82887df00ddc39,5732,"codex, openclaw, gemini, hermes",Family fund Dashboard; account-level charts; B2 source separation review,medium,Loaded into handoff pack unless missing; use live API/UI for external system facts.
IOS-FAMILY,MAPLAB_IOS-FAMILY_FAMILY_FUND_MANAGER_DYNAMIC_ROLE_MODULE,workbook/task_index.json,workbook artifact,must_read,read,true,a0a16a764e5db78fa40002dedccfafb5457b5e12d6eee37f9c2cdb14e9821be3,25422,"codex, openclaw, gemini, hermes",Family fund Dashboard; account-level charts; B2 source separation review,medium,Loaded into handoff pack unless missing; use live API/UI for external system facts.
IOS-FAMILY,MAPLAB_IOS-FAMILY_FAMILY_FUND_MANAGER_DYNAMIC_ROLE_MODULE,AGENT_RECALL_PROMPTS.md,core governance,must_read,read,true,6af77fe389d20dac0079dfbf2954098d6c30d68c87fee4ae7c7cb8a1ad2f5722,81227,"codex, openclaw, gemini, hermes",Family fund Dashboard; account-level charts; B2 source separation review,medium,Loaded into handoff pack unless missing; use live API/UI for external system facts.
IOS-FAMILY,MAPLAB_IOS-FAMILY_FAMILY_FUND_MANAGER_DYNAMIC_ROLE_MODULE,skills/superpowers-guide.md,skill / operating guide,must_read,read,true,8987b633b6f64545027e4744ec8ce3e8d85cf80127241dc79861dd5360407195,15373,"codex, openclaw, gemini, hermes",Family fund Dashboard; account-level charts; B2 source separation review,medium,Loaded into handoff pack unless missing; use live API/UI for external system facts.
IOS-FAMILY,MAPLAB_IOS-FAMILY_FAMILY_FUND_MANAGER_DYNAMIC_ROLE_MODULE,skills/task-progress-guide.md,skill / operating guide,must_read,read,true,a0a8dce530f8b02cba8dba5cdd461d0c1e7a972373da867edebe06ec9b7b7eb5,10792,"codex, openclaw, gemini, hermes",Family fund Dashboard; account-level charts; B2 source separation review,medium,Loaded into handoff pack unless missing; use live API/UI for external system facts.
IOS-FAMILY,MAPLAB_IOS-FAMILY_FAMILY_FUND_MANAGER_DYNAMIC_ROLE_MODULE,skills/session-lifecycle/SKILL.md,skill / operating guide,must_read,read,true,ba41f9ac9db25d3c3224a2ecd2e52cc74b989c8226bada767404034ec1eb76db,503,"codex, openclaw, gemini, hermes",Family fund Dashboard; account-level charts; B2 source separation review,medium,Loaded into handoff pack unless missing; use live API/UI for external system facts.
IOS-FAMILY,MAPLAB_IOS-FAMILY_FAMILY_FUND_MANAGER_DYNAMIC_ROLE_MODULE,recalls/IOS_strategy_role_recall.md,role recall prompt,must_read,read,true,80dfcea66541cda844a086f99e19b34acb3973ab0fe4bb29febc295151023404,2743,"codex, openclaw, gemini, hermes",Family fund Dashboard; account-level charts; B2 source separation review,medium,Loaded into handoff pack unless missing; use live API/UI for external system facts.
IOS-FAMILY,MAPLAB_IOS-FAMILY_FAMILY_FUND_MANAGER_DYNAMIC_ROLE_MODULE,projects/invest-os-strategy-role-system.md,project context,must_read,read,true,cfa9d2230eedf1902aa67a1a6e070514e13205442fcb7e1ea179f339c33fb24b,2819,"codex, openclaw, gemini, hermes",Family fund Dashboard; account-level charts; B2 source separation review,medium,Loaded into handoff pack unless missing; use live API/UI for external system facts.
IOS-FAMILY,MAPLAB_IOS-FAMILY_FAMILY_FUND_MANAGER_DYNAMIC_ROLE_MODULE,skills/invest-os-b-role-system.md,skill / operating guide,must_read,read,true,9510ccd11d25511de43c4119d303c6e24a3cb209b677f3a491278c3e8a3641fc,1751,"codex, openclaw, gemini, hermes",Family fund Dashboard; account-level charts; B2 source separation review,medium,Loaded into handoff pack unless missing; use live API/UI for external system facts.
IOS-FAMILY,MAPLAB_IOS-FAMILY_FAMILY_FUND_MANAGER_DYNAMIC_ROLE_MODULE,docs/openclaw/output-contract.md,governance or workflow document,must_read,read,true,368fad433ad22bf1f4fbeef3ef05d4baa179d4f9a93eff8f44639a4d430d03ba,1700,"codex, openclaw, gemini, hermes",Family fund Dashboard; account-level charts; B2 source separation review,medium,Loaded into handoff pack unless missing; use live API/UI for external system facts.
IOS-FAMILY,MAPLAB_IOS-FAMILY_FAMILY_FUND_MANAGER_DYNAMIC_ROLE_MODULE,docs/openclaw/relation-graph.md,governance or workflow document,must_read,read,true,616551a8eb75ef2f74175902bdc6e13bd0af0d68409ca0ad6e70f5d0574bc197,1211,"codex, openclaw, gemini, hermes",Family fund Dashboard; account-level charts; B2 source separation review,medium,Loaded into handoff pack unless missing; use live API/UI for external system facts.
IOS-FAMILY,MAPLAB_IOS-FAMILY_FAMILY_FUND_MANAGER_DYNAMIC_ROLE_MODULE,docs/openclaw/security-boundaries.md,governance or workflow document,must_read,read,true,b4426628c0f5ee1359f9c90fe1fc306321523f1d928fcf26db9c4ad95db63131,661,"codex, openclaw, gemini, hermes",Family fund Dashboard; account-level charts; B2 source separation review,medium,Loaded into handoff pack unless missing; use live API/UI for external system facts.
IOS-FAMILY,MAPLAB_IOS-FAMILY_FAMILY_FUND_MANAGER_DYNAMIC_ROLE_MODULE,workbook/reviews/README.md,workbook artifact,must_read,read,true,91c65b9321e7f66e9ae0299d9f6832c3e01c8e8e6ef1c54daa3bc7f358691add,698,"codex, openclaw, gemini, hermes",Family fund Dashboard; account-level charts; B2 source separation review,medium,Loaded into handoff pack unless missing; use live API/UI for external system facts.
IOS-HEDGE,MAPLAB_IOS-HEDGE_AFTER_HOURS_HEDGE_MANAGER_DYNAMIC_ROLE_MODULE,CURRENT_STATUS.md,core governance,must_read,read,true,e586343ebb6e8363040aa5b16e74ab00158de395be06b9a18aff4afcc0154681,182890,"codex, openclaw, gemini, hermes",After-hours hedge brief; Black swan and Macro downstream; B2 risk boundary review,high,Loaded into handoff pack unless missing; use live API/UI for external system facts.
IOS-HEDGE,MAPLAB_IOS-HEDGE_AFTER_HOURS_HEDGE_MANAGER_DYNAMIC_ROLE_MODULE,AGENT_RULES.md,core governance,must_read,read,true,0e6152ddc7702ba02467da5dc63168c35ff0b6dfa911c6c91dbc0ae28bd86afb,68367,"codex, openclaw, gemini, hermes",After-hours hedge brief; Black swan and Macro downstream; B2 risk boundary review,high,Loaded into handoff pack unless missing; use live API/UI for external system facts.
IOS-HEDGE,MAPLAB_IOS-HEDGE_AFTER_HOURS_HEDGE_MANAGER_DYNAMIC_ROLE_MODULE,AGENT_STARTUP_PROTOCOL.md,core governance,must_read,read,true,bd8a0c28c16199c490b1e70395615801bb78442d2a1fce7c8e3f4de6ee7f8629,15026,"codex, openclaw, gemini, hermes",After-hours hedge brief; Black swan and Macro downstream; B2 risk boundary review,high,Loaded into handoff pack unless missing; use live API/UI for external system facts.
IOS-HEDGE,MAPLAB_IOS-HEDGE_AFTER_HOURS_HEDGE_MANAGER_DYNAMIC_ROLE_MODULE,pitfalls.md,core governance,must_read,read,true,947a3dcb898e36bbcb411a3f144f559d28b8aa2be3be1bdc1c81709cde3ad15a,145773,"codex, openclaw, gemini, hermes",After-hours hedge brief; Black swan and Macro downstream; B2 risk boundary review,high,Loaded into handoff pack unless missing; use live API/UI for external system facts.
IOS-HEDGE,MAPLAB_IOS-HEDGE_AFTER_HOURS_HEDGE_MANAGER_DYNAMIC_ROLE_MODULE,TASK_QUEUE.md,core governance,must_read,read,true,7735bfcdb9f2cc31f8938a4a16c9bdccded7be4647c17dc80e82887df00ddc39,5732,"codex, openclaw, gemini, hermes",After-hours hedge brief; Black swan and Macro downstream; B2 risk boundary review,high,Loaded into handoff pack unless missing; use live API/UI for external system facts.
IOS-HEDGE,MAPLAB_IOS-HEDGE_AFTER_HOURS_HEDGE_MANAGER_DYNAMIC_ROLE_MODULE,workbook/task_index.json,workbook artifact,must_read,read,true,a0a16a764e5db78fa40002dedccfafb5457b5e12d6eee37f9c2cdb14e9821be3,25422,"codex, openclaw, gemini, hermes",After-hours hedge brief; Black swan and Macro downstream; B2 risk boundary review,high,Loaded into handoff pack unless missing; use live API/UI for external system facts.
IOS-HEDGE,MAPLAB_IOS-HEDGE_AFTER_HOURS_HEDGE_MANAGER_DYNAMIC_ROLE_MODULE,AGENT_RECALL_PROMPTS.md,core governance,must_read,read,true,6af77fe389d20dac0079dfbf2954098d6c30d68c87fee4ae7c7cb8a1ad2f5722,81227,"codex, openclaw, gemini, hermes",After-hours hedge brief; Black swan and Macro downstream; B2 risk boundary review,high,Loaded into handoff pack unless missing; use live API/UI for external system facts.
IOS-HEDGE,MAPLAB_IOS-HEDGE_AFTER_HOURS_HEDGE_MANAGER_DYNAMIC_ROLE_MODULE,skills/superpowers-guide.md,skill / operating guide,must_read,read,true,8987b633b6f64545027e4744ec8ce3e8d85cf80127241dc79861dd5360407195,15373,"codex, openclaw, gemini, hermes",After-hours hedge brief; Black swan and Macro downstream; B2 risk boundary review,high,Loaded into handoff pack unless missing; use live API/UI for external system facts.
IOS-HEDGE,MAPLAB_IOS-HEDGE_AFTER_HOURS_HEDGE_MANAGER_DYNAMIC_ROLE_MODULE,skills/task-progress-guide.md,skill / operating guide,must_read,read,true,a0a8dce530f8b02cba8dba5cdd461d0c1e7a972373da867edebe06ec9b7b7eb5,10792,"codex, openclaw, gemini, hermes",After-hours hedge brief; Black swan and Macro downstream; B2 risk boundary review,high,Loaded into handoff pack unless missing; use live API/UI for external system facts.
IOS-HEDGE,MAPLAB_IOS-HEDGE_AFTER_HOURS_HEDGE_MANAGER_DYNAMIC_ROLE_MODULE,skills/session-lifecycle/SKILL.md,skill / operating guide,must_read,read,true,ba41f9ac9db25d3c3224a2ecd2e52cc74b989c8226bada767404034ec1eb76db,503,"codex, openclaw, gemini, hermes",After-hours hedge brief; Black swan and Macro downstream; B2 risk boundary review,high,Loaded into handoff pack unless missing; use live API/UI for external system facts.
IOS-HEDGE,MAPLAB_IOS-HEDGE_AFTER_HOURS_HEDGE_MANAGER_DYNAMIC_ROLE_MODULE,recalls/IOS_strategy_role_recall.md,role recall prompt,must_read,read,true,80dfcea66541cda844a086f99e19b34acb3973ab0fe4bb29febc295151023404,2743,"codex, openclaw, gemini, hermes",After-hours hedge brief; Black swan and Macro downstream; B2 risk boundary review,high,Loaded into handoff pack unless missing; use live API/UI for external system facts.
IOS-HEDGE,MAPLAB_IOS-HEDGE_AFTER_HOURS_HEDGE_MANAGER_DYNAMIC_ROLE_MODULE,projects/invest-os-strategy-role-system.md,project context,must_read,read,true,cfa9d2230eedf1902aa67a1a6e070514e13205442fcb7e1ea179f339c33fb24b,2819,"codex, openclaw, gemini, hermes",After-hours hedge brief; Black swan and Macro downstream; B2 risk boundary review,high,Loaded into handoff pack unless missing; use live API/UI for external system facts.
IOS-HEDGE,MAPLAB_IOS-HEDGE_AFTER_HOURS_HEDGE_MANAGER_DYNAMIC_ROLE_MODULE,skills/invest-os-b-role-system.md,skill / operating guide,must_read,read,true,9510ccd11d25511de43c4119d303c6e24a3cb209b677f3a491278c3e8a3641fc,1751,"codex, openclaw, gemini, hermes",After-hours hedge brief; Black swan and Macro downstream; B2 risk boundary review,high,Loaded into handoff pack unless missing; use live API/UI for external system facts.
IOS-HEDGE,MAPLAB_IOS-HEDGE_AFTER_HOURS_HEDGE_MANAGER_DYNAMIC_ROLE_MODULE,docs/openclaw/output-contract.md,governance or workflow document,must_read,read,true,368fad433ad22bf1f4fbeef3ef05d4baa179d4f9a93eff8f44639a4d430d03ba,1700,"codex, openclaw, gemini, hermes",After-hours hedge brief; Black swan and Macro downstream; B2 risk boundary review,high,Loaded into handoff pack unless missing; use live API/UI for external system facts.
IOS-HEDGE,MAPLAB_IOS-HEDGE_AFTER_HOURS_HEDGE_MANAGER_DYNAMIC_ROLE_MODULE,docs/openclaw/relation-graph.md,governance or workflow document,must_read,read,true,616551a8eb75ef2f74175902bdc6e13bd0af0d68409ca0ad6e70f5d0574bc197,1211,"codex, openclaw, gemini, hermes",After-hours hedge brief; Black swan and Macro downstream; B2 risk boundary review,high,Loaded into handoff pack unless missing; use live API/UI for external system facts.
IOS-HEDGE,MAPLAB_IOS-HEDGE_AFTER_HOURS_HEDGE_MANAGER_DYNAMIC_ROLE_MODULE,docs/openclaw/security-boundaries.md,governance or workflow document,must_read,read,true,b4426628c0f5ee1359f9c90fe1fc306321523f1d928fcf26db9c4ad95db63131,661,"codex, openclaw, gemini, hermes",After-hours hedge brief; Black swan and Macro downstream; B2 risk boundary review,high,Loaded into handoff pack unless missing; use live API/UI for external system facts.
IOS-HEDGE,MAPLAB_IOS-HEDGE_AFTER_HOURS_HEDGE_MANAGER_DYNAMIC_ROLE_MODULE,workbook/reviews/README.md,workbook artifact,must_read,read,true,91c65b9321e7f66e9ae0299d9f6832c3e01c8e8e6ef1c54daa3bc7f358691add,698,"codex, openclaw, gemini, hermes",After-hours hedge brief; Black swan and Macro downstream; B2 risk boundary review,high,Loaded into handoff pack unless missing; use live API/UI for external system facts.
IOS-SURFACE,MAPLAB_IOS-SURFACE_SURFACE_CONTRACT_STEWARD_DYNAMIC_ROLE_MODULE,CURRENT_STATUS.md,core governance,must_read,read,true,e586343ebb6e8363040aa5b16e74ab00158de395be06b9a18aff4afcc0154681,182890,"codex, openclaw, gemini, hermes",Chrome side panel; Telegram PM Brief format; Dashboard readability; B1 shared renderer fixes,high,Loaded into handoff pack unless missing; use live API/UI for external system facts.
IOS-SURFACE,MAPLAB_IOS-SURFACE_SURFACE_CONTRACT_STEWARD_DYNAMIC_ROLE_MODULE,AGENT_RULES.md,core governance,must_read,read,true,0e6152ddc7702ba02467da5dc63168c35ff0b6dfa911c6c91dbc0ae28bd86afb,68367,"codex, openclaw, gemini, hermes",Chrome side panel; Telegram PM Brief format; Dashboard readability; B1 shared renderer fixes,high,Loaded into handoff pack unless missing; use live API/UI for external system facts.
IOS-SURFACE,MAPLAB_IOS-SURFACE_SURFACE_CONTRACT_STEWARD_DYNAMIC_ROLE_MODULE,AGENT_STARTUP_PROTOCOL.md,core governance,must_read,read,true,bd8a0c28c16199c490b1e70395615801bb78442d2a1fce7c8e3f4de6ee7f8629,15026,"codex, openclaw, gemini, hermes",Chrome side panel; Telegram PM Brief format; Dashboard readability; B1 shared renderer fixes,high,Loaded into handoff pack unless missing; use live API/UI for external system facts.
IOS-SURFACE,MAPLAB_IOS-SURFACE_SURFACE_CONTRACT_STEWARD_DYNAMIC_ROLE_MODULE,pitfalls.md,core governance,must_read,read,true,947a3dcb898e36bbcb411a3f144f559d28b8aa2be3be1bdc1c81709cde3ad15a,145773,"codex, openclaw, gemini, hermes",Chrome side panel; Telegram PM Brief format; Dashboard readability; B1 shared renderer fixes,high,Loaded into handoff pack unless missing; use live API/UI for external system facts.
IOS-SURFACE,MAPLAB_IOS-SURFACE_SURFACE_CONTRACT_STEWARD_DYNAMIC_ROLE_MODULE,TASK_QUEUE.md,core governance,must_read,read,true,7735bfcdb9f2cc31f8938a4a16c9bdccded7be4647c17dc80e82887df00ddc39,5732,"codex, openclaw, gemini, hermes",Chrome side panel; Telegram PM Brief format; Dashboard readability; B1 shared renderer fixes,high,Loaded into handoff pack unless missing; use live API/UI for external system facts.
IOS-SURFACE,MAPLAB_IOS-SURFACE_SURFACE_CONTRACT_STEWARD_DYNAMIC_ROLE_MODULE,workbook/task_index.json,workbook artifact,must_read,read,true,a0a16a764e5db78fa40002dedccfafb5457b5e12d6eee37f9c2cdb14e9821be3,25422,"codex, openclaw, gemini, hermes",Chrome side panel; Telegram PM Brief format; Dashboard readability; B1 shared renderer fixes,high,Loaded into handoff pack unless missing; use live API/UI for external system facts.
IOS-SURFACE,MAPLAB_IOS-SURFACE_SURFACE_CONTRACT_STEWARD_DYNAMIC_ROLE_MODULE,AGENT_RECALL_PROMPTS.md,core governance,must_read,read,true,6af77fe389d20dac0079dfbf2954098d6c30d68c87fee4ae7c7cb8a1ad2f5722,81227,"codex, openclaw, gemini, hermes",Chrome side panel; Telegram PM Brief format; Dashboard readability; B1 shared renderer fixes,high,Loaded into handoff pack unless missing; use live API/UI for external system facts.
IOS-SURFACE,MAPLAB_IOS-SURFACE_SURFACE_CONTRACT_STEWARD_DYNAMIC_ROLE_MODULE,skills/superpowers-guide.md,skill / operating guide,must_read,read,true,8987b633b6f64545027e4744ec8ce3e8d85cf80127241dc79861dd5360407195,15373,"codex, openclaw, gemini, hermes",Chrome side panel; Telegram PM Brief format; Dashboard readability; B1 shared renderer fixes,high,Loaded into handoff pack unless missing; use live API/UI for external system facts.
IOS-SURFACE,MAPLAB_IOS-SURFACE_SURFACE_CONTRACT_STEWARD_DYNAMIC_ROLE_MODULE,skills/task-progress-guide.md,skill / operating guide,must_read,read,true,a0a8dce530f8b02cba8dba5cdd461d0c1e7a972373da867edebe06ec9b7b7eb5,10792,"codex, openclaw, gemini, hermes",Chrome side panel; Telegram PM Brief format; Dashboard readability; B1 shared renderer fixes,high,Loaded into handoff pack unless missing; use live API/UI for external system facts.
IOS-SURFACE,MAPLAB_IOS-SURFACE_SURFACE_CONTRACT_STEWARD_DYNAMIC_ROLE_MODULE,skills/session-lifecycle/SKILL.md,skill / operating guide,must_read,read,true,ba41f9ac9db25d3c3224a2ecd2e52cc74b989c8226bada767404034ec1eb76db,503,"codex, openclaw, gemini, hermes",Chrome side panel; Telegram PM Brief format; Dashboard readability; B1 shared renderer fixes,high,Loaded into handoff pack unless missing; use live API/UI for external system facts.
IOS-SURFACE,MAPLAB_IOS-SURFACE_SURFACE_CONTRACT_STEWARD_DYNAMIC_ROLE_MODULE,recalls/IOS_strategy_role_recall.md,role recall prompt,must_read,read,true,80dfcea66541cda844a086f99e19b34acb3973ab0fe4bb29febc295151023404,2743,"codex, openclaw, gemini, hermes",Chrome side panel; Telegram PM Brief format; Dashboard readability; B1 shared renderer fixes,high,Loaded into handoff pack unless missing; use live API/UI for external system facts.
IOS-SURFACE,MAPLAB_IOS-SURFACE_SURFACE_CONTRACT_STEWARD_DYNAMIC_ROLE_MODULE,projects/invest-os-strategy-role-system.md,project context,must_read,read,true,cfa9d2230eedf1902aa67a1a6e070514e13205442fcb7e1ea179f339c33fb24b,2819,"codex, openclaw, gemini, hermes",Chrome side panel; Telegram PM Brief format; Dashboard readability; B1 shared renderer fixes,high,Loaded into handoff pack unless missing; use live API/UI for external system facts.
IOS-SURFACE,MAPLAB_IOS-SURFACE_SURFACE_CONTRACT_STEWARD_DYNAMIC_ROLE_MODULE,skills/invest-os-b-role-system.md,skill / operating guide,must_read,read,true,9510ccd11d25511de43c4119d303c6e24a3cb209b677f3a491278c3e8a3641fc,1751,"codex, openclaw, gemini, hermes",Chrome side panel; Telegram PM Brief format; Dashboard readability; B1 shared renderer fixes,high,Loaded into handoff pack unless missing; use live API/UI for external system facts.
IOS-SURFACE,MAPLAB_IOS-SURFACE_SURFACE_CONTRACT_STEWARD_DYNAMIC_ROLE_MODULE,docs/openclaw/output-contract.md,governance or workflow document,must_read,read,true,368fad433ad22bf1f4fbeef3ef05d4baa179d4f9a93eff8f44639a4d430d03ba,1700,"codex, openclaw, gemini, hermes",Chrome side panel; Telegram PM Brief format; Dashboard readability; B1 shared renderer fixes,high,Loaded into handoff pack unless missing; use live API/UI for external system facts.
IOS-SURFACE,MAPLAB_IOS-SURFACE_SURFACE_CONTRACT_STEWARD_DYNAMIC_ROLE_MODULE,docs/openclaw/relation-graph.md,governance or workflow document,must_read,read,true,616551a8eb75ef2f74175902bdc6e13bd0af0d68409ca0ad6e70f5d0574bc197,1211,"codex, openclaw, gemini, hermes",Chrome side panel; Telegram PM Brief format; Dashboard readability; B1 shared renderer fixes,high,Loaded into handoff pack unless missing; use live API/UI for external system facts.
IOS-SURFACE,MAPLAB_IOS-SURFACE_SURFACE_CONTRACT_STEWARD_DYNAMIC_ROLE_MODULE,docs/openclaw/security-boundaries.md,governance or workflow document,must_read,read,true,b4426628c0f5ee1359f9c90fe1fc306321523f1d928fcf26db9c4ad95db63131,661,"codex, openclaw, gemini, hermes",Chrome side panel; Telegram PM Brief format; Dashboard readability; B1 shared renderer fixes,high,Loaded into handoff pack unless missing; use live API/UI for external system facts.
IOS-SURFACE,MAPLAB_IOS-SURFACE_SURFACE_CONTRACT_STEWARD_DYNAMIC_ROLE_MODULE,workbook/reviews/README.md,workbook artifact,must_read,read,true,91c65b9321e7f66e9ae0299d9f6832c3e01c8e8e6ef1c54daa3bc7f358691add,698,"codex, openclaw, gemini, hermes",Chrome side panel; Telegram PM Brief format; Dashboard readability; B1 shared renderer fixes,high,Loaded into handoff pack unless missing; use live API/UI for external system facts.
IOS-HYGIENE,MAPLAB_IOS-HYGIENE_SYSTEM_HYGIENE_STEWARD_DYNAMIC_ROLE_MODULE,CURRENT_STATUS.md,core governance,must_read,read,true,e586343ebb6e8363040aa5b16e74ab00158de395be06b9a18aff4afcc0154681,182890,"codex, openclaw, gemini, hermes",dirty worktree inventory; B4 cleanup patrol; B3 archive handoff; B1 cleanup script repair,high,Loaded into handoff pack unless missing; use live API/UI for external system facts.
IOS-HYGIENE,MAPLAB_IOS-HYGIENE_SYSTEM_HYGIENE_STEWARD_DYNAMIC_ROLE_MODULE,AGENT_RULES.md,core governance,must_read,read,true,0e6152ddc7702ba02467da5dc63168c35ff0b6dfa911c6c91dbc0ae28bd86afb,68367,"codex, openclaw, gemini, hermes",dirty worktree inventory; B4 cleanup patrol; B3 archive handoff; B1 cleanup script repair,high,Loaded into handoff pack unless missing; use live API/UI for external system facts.
IOS-HYGIENE,MAPLAB_IOS-HYGIENE_SYSTEM_HYGIENE_STEWARD_DYNAMIC_ROLE_MODULE,AGENT_STARTUP_PROTOCOL.md,core governance,must_read,read,true,bd8a0c28c16199c490b1e70395615801bb78442d2a1fce7c8e3f4de6ee7f8629,15026,"codex, openclaw, gemini, hermes",dirty worktree inventory; B4 cleanup patrol; B3 archive handoff; B1 cleanup script repair,high,Loaded into handoff pack unless missing; use live API/UI for external system facts.
IOS-HYGIENE,MAPLAB_IOS-HYGIENE_SYSTEM_HYGIENE_STEWARD_DYNAMIC_ROLE_MODULE,pitfalls.md,core governance,must_read,read,true,947a3dcb898e36bbcb411a3f144f559d28b8aa2be3be1bdc1c81709cde3ad15a,145773,"codex, openclaw, gemini, hermes",dirty worktree inventory; B4 cleanup patrol; B3 archive handoff; B1 cleanup script repair,high,Loaded into handoff pack unless missing; use live API/UI for external system facts.
IOS-HYGIENE,MAPLAB_IOS-HYGIENE_SYSTEM_HYGIENE_STEWARD_DYNAMIC_ROLE_MODULE,TASK_QUEUE.md,core governance,must_read,read,true,7735bfcdb9f2cc31f8938a4a16c9bdccded7be4647c17dc80e82887df00ddc39,5732,"codex, openclaw, gemini, hermes",dirty worktree inventory; B4 cleanup patrol; B3 archive handoff; B1 cleanup script repair,high,Loaded into handoff pack unless missing; use live API/UI for external system facts.
IOS-HYGIENE,MAPLAB_IOS-HYGIENE_SYSTEM_HYGIENE_STEWARD_DYNAMIC_ROLE_MODULE,workbook/task_index.json,workbook artifact,must_read,read,true,a0a16a764e5db78fa40002dedccfafb5457b5e12d6eee37f9c2cdb14e9821be3,25422,"codex, openclaw, gemini, hermes",dirty worktree inventory; B4 cleanup patrol; B3 archive handoff; B1 cleanup script repair,high,Loaded into handoff pack unless missing; use live API/UI for external system facts.
IOS-HYGIENE,MAPLAB_IOS-HYGIENE_SYSTEM_HYGIENE_STEWARD_DYNAMIC_ROLE_MODULE,AGENT_RECALL_PROMPTS.md,core governance,must_read,read,true,6af77fe389d20dac0079dfbf2954098d6c30d68c87fee4ae7c7cb8a1ad2f5722,81227,"codex, openclaw, gemini, hermes",dirty worktree inventory; B4 cleanup patrol; B3 archive handoff; B1 cleanup script repair,high,Loaded into handoff pack unless missing; use live API/UI for external system facts.
IOS-HYGIENE,MAPLAB_IOS-HYGIENE_SYSTEM_HYGIENE_STEWARD_DYNAMIC_ROLE_MODULE,skills/superpowers-guide.md,skill / operating guide,must_read,read,true,8987b633b6f64545027e4744ec8ce3e8d85cf80127241dc79861dd5360407195,15373,"codex, openclaw, gemini, hermes",dirty worktree inventory; B4 cleanup patrol; B3 archive handoff; B1 cleanup script repair,high,Loaded into handoff pack unless missing; use live API/UI for external system facts.
IOS-HYGIENE,MAPLAB_IOS-HYGIENE_SYSTEM_HYGIENE_STEWARD_DYNAMIC_ROLE_MODULE,skills/task-progress-guide.md,skill / operating guide,must_read,read,true,a0a8dce530f8b02cba8dba5cdd461d0c1e7a972373da867edebe06ec9b7b7eb5,10792,"codex, openclaw, gemini, hermes",dirty worktree inventory; B4 cleanup patrol; B3 archive handoff; B1 cleanup script repair,high,Loaded into handoff pack unless missing; use live API/UI for external system facts.
IOS-HYGIENE,MAPLAB_IOS-HYGIENE_SYSTEM_HYGIENE_STEWARD_DYNAMIC_ROLE_MODULE,skills/session-lifecycle/SKILL.md,skill / operating guide,must_read,read,true,ba41f9ac9db25d3c3224a2ecd2e52cc74b989c8226bada767404034ec1eb76db,503,"codex, openclaw, gemini, hermes",dirty worktree inventory; B4 cleanup patrol; B3 archive handoff; B1 cleanup script repair,high,Loaded into handoff pack unless missing; use live API/UI for external system facts.
IOS-HYGIENE,MAPLAB_IOS-HYGIENE_SYSTEM_HYGIENE_STEWARD_DYNAMIC_ROLE_MODULE,recalls/IOS_strategy_role_recall.md,role recall prompt,must_read,read,true,80dfcea66541cda844a086f99e19b34acb3973ab0fe4bb29febc295151023404,2743,"codex, openclaw, gemini, hermes",dirty worktree inventory; B4 cleanup patrol; B3 archive handoff; B1 cleanup script repair,high,Loaded into handoff pack unless missing; use live API/UI for external system facts.
IOS-HYGIENE,MAPLAB_IOS-HYGIENE_SYSTEM_HYGIENE_STEWARD_DYNAMIC_ROLE_MODULE,projects/invest-os-strategy-role-system.md,project context,must_read,read,true,cfa9d2230eedf1902aa67a1a6e070514e13205442fcb7e1ea179f339c33fb24b,2819,"codex, openclaw, gemini, hermes",dirty worktree inventory; B4 cleanup patrol; B3 archive handoff; B1 cleanup script repair,high,Loaded into handoff pack unless missing; use live API/UI for external system facts.
IOS-HYGIENE,MAPLAB_IOS-HYGIENE_SYSTEM_HYGIENE_STEWARD_DYNAMIC_ROLE_MODULE,skills/invest-os-b-role-system.md,skill / operating guide,must_read,read,true,9510ccd11d25511de43c4119d303c6e24a3cb209b677f3a491278c3e8a3641fc,1751,"codex, openclaw, gemini, hermes",dirty worktree inventory; B4 cleanup patrol; B3 archive handoff; B1 cleanup script repair,high,Loaded into handoff pack unless missing; use live API/UI for external system facts.
IOS-HYGIENE,MAPLAB_IOS-HYGIENE_SYSTEM_HYGIENE_STEWARD_DYNAMIC_ROLE_MODULE,docs/openclaw/output-contract.md,governance or workflow document,must_read,read,true,368fad433ad22bf1f4fbeef3ef05d4baa179d4f9a93eff8f44639a4d430d03ba,1700,"codex, openclaw, gemini, hermes",dirty worktree inventory; B4 cleanup patrol; B3 archive handoff; B1 cleanup script repair,high,Loaded into handoff pack unless missing; use live API/UI for external system facts.
IOS-HYGIENE,MAPLAB_IOS-HYGIENE_SYSTEM_HYGIENE_STEWARD_DYNAMIC_ROLE_MODULE,docs/openclaw/relation-graph.md,governance or workflow document,must_read,read,true,616551a8eb75ef2f74175902bdc6e13bd0af0d68409ca0ad6e70f5d0574bc197,1211,"codex, openclaw, gemini, hermes",dirty worktree inventory; B4 cleanup patrol; B3 archive handoff; B1 cleanup script repair,high,Loaded into handoff pack unless missing; use live API/UI for external system facts.
IOS-HYGIENE,MAPLAB_IOS-HYGIENE_SYSTEM_HYGIENE_STEWARD_DYNAMIC_ROLE_MODULE,docs/openclaw/security-boundaries.md,governance or workflow document,must_read,read,true,b4426628c0f5ee1359f9c90fe1fc306321523f1d928fcf26db9c4ad95db63131,661,"codex, openclaw, gemini, hermes",dirty worktree inventory; B4 cleanup patrol; B3 archive handoff; B1 cleanup script repair,high,Loaded into handoff pack unless missing; use live API/UI for external system facts.
IOS-HYGIENE,MAPLAB_IOS-HYGIENE_SYSTEM_HYGIENE_STEWARD_DYNAMIC_ROLE_MODULE,workbook/reviews/README.md,workbook artifact,must_read,read,true,91c65b9321e7f66e9ae0299d9f6832c3e01c8e8e6ef1c54daa3bc7f358691add,698,"codex, openclaw, gemini, hermes",dirty worktree inventory; B4 cleanup patrol; B3 archive handoff; B1 cleanup script repair,high,Loaded into handoff pack unless missing; use live API/UI for external system facts.
IOS-SELL,MAPLAB_IOS-SELL_POSITION_SENTINEL_DYNAMIC_ROLE_MODULE,CURRENT_STATUS.md,core governance,must_read,read,true,e586343ebb6e8363040aa5b16e74ab00158de395be06b9a18aff4afcc0154681,182890,"codex, openclaw, gemini, hermes",Telegram sell-signal alert; B1 indicator pipeline repair; B2 signal quality review; B3 alert archive,low,Loaded into handoff pack unless missing; use live API/UI for external system facts.
IOS-SELL,MAPLAB_IOS-SELL_POSITION_SENTINEL_DYNAMIC_ROLE_MODULE,AGENT_RULES.md,core governance,must_read,read,true,0e6152ddc7702ba02467da5dc63168c35ff0b6dfa911c6c91dbc0ae28bd86afb,68367,"codex, openclaw, gemini, hermes",Telegram sell-signal alert; B1 indicator pipeline repair; B2 signal quality review; B3 alert archive,low,Loaded into handoff pack unless missing; use live API/UI for external system facts.
IOS-SELL,MAPLAB_IOS-SELL_POSITION_SENTINEL_DYNAMIC_ROLE_MODULE,AGENT_STARTUP_PROTOCOL.md,core governance,must_read,read,true,bd8a0c28c16199c490b1e70395615801bb78442d2a1fce7c8e3f4de6ee7f8629,15026,"codex, openclaw, gemini, hermes",Telegram sell-signal alert; B1 indicator pipeline repair; B2 signal quality review; B3 alert archive,low,Loaded into handoff pack unless missing; use live API/UI for external system facts.
IOS-SELL,MAPLAB_IOS-SELL_POSITION_SENTINEL_DYNAMIC_ROLE_MODULE,pitfalls.md,core governance,must_read,read,true,947a3dcb898e36bbcb411a3f144f559d28b8aa2be3be1bdc1c81709cde3ad15a,145773,"codex, openclaw, gemini, hermes",Telegram sell-signal alert; B1 indicator pipeline repair; B2 signal quality review; B3 alert archive,low,Loaded into handoff pack unless missing; use live API/UI for external system facts.
IOS-SELL,MAPLAB_IOS-SELL_POSITION_SENTINEL_DYNAMIC_ROLE_MODULE,TASK_QUEUE.md,core governance,must_read,read,true,7735bfcdb9f2cc31f8938a4a16c9bdccded7be4647c17dc80e82887df00ddc39,5732,"codex, openclaw, gemini, hermes",Telegram sell-signal alert; B1 indicator pipeline repair; B2 signal quality review; B3 alert archive,low,Loaded into handoff pack unless missing; use live API/UI for external system facts.
IOS-SELL,MAPLAB_IOS-SELL_POSITION_SENTINEL_DYNAMIC_ROLE_MODULE,workbook/task_index.json,workbook artifact,must_read,read,true,a0a16a764e5db78fa40002dedccfafb5457b5e12d6eee37f9c2cdb14e9821be3,25422,"codex, openclaw, gemini, hermes",Telegram sell-signal alert; B1 indicator pipeline repair; B2 signal quality review; B3 alert archive,low,Loaded into handoff pack unless missing; use live API/UI for external system facts.
IOS-SELL,MAPLAB_IOS-SELL_POSITION_SENTINEL_DYNAMIC_ROLE_MODULE,AGENT_RECALL_PROMPTS.md,core governance,must_read,read,true,6af77fe389d20dac0079dfbf2954098d6c30d68c87fee4ae7c7cb8a1ad2f5722,81227,"codex, openclaw, gemini, hermes",Telegram sell-signal alert; B1 indicator pipeline repair; B2 signal quality review; B3 alert archive,low,Loaded into handoff pack unless missing; use live API/UI for external system facts.
IOS-SELL,MAPLAB_IOS-SELL_POSITION_SENTINEL_DYNAMIC_ROLE_MODULE,skills/superpowers-guide.md,skill / operating guide,must_read,read,true,8987b633b6f64545027e4744ec8ce3e8d85cf80127241dc79861dd5360407195,15373,"codex, openclaw, gemini, hermes",Telegram sell-signal alert; B1 indicator pipeline repair; B2 signal quality review; B3 alert archive,low,Loaded into handoff pack unless missing; use live API/UI for external system facts.
IOS-SELL,MAPLAB_IOS-SELL_POSITION_SENTINEL_DYNAMIC_ROLE_MODULE,skills/task-progress-guide.md,skill / operating guide,must_read,read,true,a0a8dce530f8b02cba8dba5cdd461d0c1e7a972373da867edebe06ec9b7b7eb5,10792,"codex, openclaw, gemini, hermes",Telegram sell-signal alert; B1 indicator pipeline repair; B2 signal quality review; B3 alert archive,low,Loaded into handoff pack unless missing; use live API/UI for external system facts.
IOS-SELL,MAPLAB_IOS-SELL_POSITION_SENTINEL_DYNAMIC_ROLE_MODULE,skills/session-lifecycle/SKILL.md,skill / operating guide,must_read,read,true,ba41f9ac9db25d3c3224a2ecd2e52cc74b989c8226bada767404034ec1eb76db,503,"codex, openclaw, gemini, hermes",Telegram sell-signal alert; B1 indicator pipeline repair; B2 signal quality review; B3 alert archive,low,Loaded into handoff pack unless missing; use live API/UI for external system facts.
IOS-SELL,MAPLAB_IOS-SELL_POSITION_SENTINEL_DYNAMIC_ROLE_MODULE,recalls/IOS-SELL_recall.md,role recall prompt,must_read,read,true,ae4476ac7ae07bac3dc00716a97a906c2aea72b29321744a6ea20bd7bbb66ffa,2577,"codex, openclaw, gemini, hermes",Telegram sell-signal alert; B1 indicator pipeline repair; B2 signal quality review; B3 alert archive,low,Loaded into handoff pack unless missing; use live API/UI for external system facts.
IOS-SELL,MAPLAB_IOS-SELL_POSITION_SENTINEL_DYNAMIC_ROLE_MODULE,projects/invest-os-strategy-role-system.md,project context,must_read,read,true,cfa9d2230eedf1902aa67a1a6e070514e13205442fcb7e1ea179f339c33fb24b,2819,"codex, openclaw, gemini, hermes",Telegram sell-signal alert; B1 indicator pipeline repair; B2 signal quality review; B3 alert archive,low,Loaded into handoff pack unless missing; use live API/UI for external system facts.
IOS-SELL,MAPLAB_IOS-SELL_POSITION_SENTINEL_DYNAMIC_ROLE_MODULE,projects/ios-sell-signal-monitor.md,project context,must_read,read,true,6178ad324d8706e4000c8fa914ca2c9270a48367d2d270e5b5e85c2ec98aa6ea,4172,"codex, openclaw, gemini, hermes",Telegram sell-signal alert; B1 indicator pipeline repair; B2 signal quality review; B3 alert archive,low,Loaded into handoff pack unless missing; use live API/UI for external system facts.
IOS-SELL,MAPLAB_IOS-SELL_POSITION_SENTINEL_DYNAMIC_ROLE_MODULE,skills/ios-sell-signal-monitor.md,skill / operating guide,must_read,read,true,45a4ebd47977280974a1c4da41d21306624280ad191e21a9106ef4ac0a19c987,3856,"codex, openclaw, gemini, hermes",Telegram sell-signal alert; B1 indicator pipeline repair; B2 signal quality review; B3 alert archive,low,Loaded into handoff pack unless missing; use live API/UI for external system facts.
IOS-SELL,MAPLAB_IOS-SELL_POSITION_SENTINEL_DYNAMIC_ROLE_MODULE,skills/invest-os-b-role-system.md,skill / operating guide,must_read,read,true,9510ccd11d25511de43c4119d303c6e24a3cb209b677f3a491278c3e8a3641fc,1751,"codex, openclaw, gemini, hermes",Telegram sell-signal alert; B1 indicator pipeline repair; B2 signal quality review; B3 alert archive,low,Loaded into handoff pack unless missing; use live API/UI for external system facts.
IOS-SELL,MAPLAB_IOS-SELL_POSITION_SENTINEL_DYNAMIC_ROLE_MODULE,docs/openclaw/output-contract.md,governance or workflow document,must_read,read,true,368fad433ad22bf1f4fbeef3ef05d4baa179d4f9a93eff8f44639a4d430d03ba,1700,"codex, openclaw, gemini, hermes",Telegram sell-signal alert; B1 indicator pipeline repair; B2 signal quality review; B3 alert archive,low,Loaded into handoff pack unless missing; use live API/UI for external system facts.
IOS-SELL,MAPLAB_IOS-SELL_POSITION_SENTINEL_DYNAMIC_ROLE_MODULE,docs/openclaw/relation-graph.md,governance or workflow document,must_read,read,true,616551a8eb75ef2f74175902bdc6e13bd0af0d68409ca0ad6e70f5d0574bc197,1211,"codex, openclaw, gemini, hermes",Telegram sell-signal alert; B1 indicator pipeline repair; B2 signal quality review; B3 alert archive,low,Loaded into handoff pack unless missing; use live API/UI for external system facts.
IOS-SELL,MAPLAB_IOS-SELL_POSITION_SENTINEL_DYNAMIC_ROLE_MODULE,docs/openclaw/security-boundaries.md,governance or workflow document,must_read,read,true,b4426628c0f5ee1359f9c90fe1fc306321523f1d928fcf26db9c4ad95db63131,661,"codex, openclaw, gemini, hermes",Telegram sell-signal alert; B1 indicator pipeline repair; B2 signal quality review; B3 alert archive,low,Loaded into handoff pack unless missing; use live API/UI for external system facts.
IOS-SELL,MAPLAB_IOS-SELL_POSITION_SENTINEL_DYNAMIC_ROLE_MODULE,workbook/reviews/README.md,workbook artifact,must_read,read,true,91c65b9321e7f66e9ae0299d9f6832c3e01c8e8e6ef1c54daa3bc7f358691add,698,"codex, openclaw, gemini, hermes",Telegram sell-signal alert; B1 indicator pipeline repair; B2 signal quality review; B3 alert archive,low,Loaded into handoff pack unless missing; use live API/UI for external system facts.
IOS-SELL,MAPLAB_IOS-SELL_POSITION_SENTINEL_DYNAMIC_ROLE_MODULE,broker_api,core governance,restricted_reference,a1_only,false,,,"codex, openclaw, gemini, hermes",Telegram sell-signal alert; B1 indicator pipeline repair; B2 signal quality review; B3 alert archive,low,Do not paste credential/secrets docs into Gemini/OpenClaw prompts; A1-only lookup when approved.
IOS-SELL,MAPLAB_IOS-SELL_POSITION_SENTINEL_DYNAMIC_ROLE_MODULE,proposed_orders,core governance,restricted_reference,a1_only,false,,,"codex, openclaw, gemini, hermes",Telegram sell-signal alert; B1 indicator pipeline repair; B2 signal quality review; B3 alert archive,low,Do not paste credential/secrets docs into Gemini/OpenClaw prompts; A1-only lookup when approved.
IOS-SELL,MAPLAB_IOS-SELL_POSITION_SENTINEL_DYNAMIC_ROLE_MODULE,simulation_orders,core governance,restricted_reference,a1_only,false,,,"codex, openclaw, gemini, hermes",Telegram sell-signal alert; B1 indicator pipeline repair; B2 signal quality review; B3 alert archive,low,Do not paste credential/secrets docs into Gemini/OpenClaw prompts; A1-only lookup when approved.
WIN,MAPLAB_WIN_WINDOWS_EVIDENCE_COLLECTOR_DYNAMIC_ROLE_MODULE,CURRENT_STATUS.md,core governance,must_read,read,true,e586343ebb6e8363040aa5b16e74ab00158de395be06b9a18aff4afcc0154681,182890,claude_chrome_tab,data/windows_agent_bridge/inbox; B2 cross-validation,low,Loaded into handoff pack unless missing; use live API/UI for external system facts.
WIN,MAPLAB_WIN_WINDOWS_EVIDENCE_COLLECTOR_DYNAMIC_ROLE_MODULE,AGENT_RULES.md,core governance,must_read,read,true,0e6152ddc7702ba02467da5dc63168c35ff0b6dfa911c6c91dbc0ae28bd86afb,68367,claude_chrome_tab,data/windows_agent_bridge/inbox; B2 cross-validation,low,Loaded into handoff pack unless missing; use live API/UI for external system facts.
WIN,MAPLAB_WIN_WINDOWS_EVIDENCE_COLLECTOR_DYNAMIC_ROLE_MODULE,AGENT_STARTUP_PROTOCOL.md,core governance,must_read,read,true,bd8a0c28c16199c490b1e70395615801bb78442d2a1fce7c8e3f4de6ee7f8629,15026,claude_chrome_tab,data/windows_agent_bridge/inbox; B2 cross-validation,low,Loaded into handoff pack unless missing; use live API/UI for external system facts.
WIN,MAPLAB_WIN_WINDOWS_EVIDENCE_COLLECTOR_DYNAMIC_ROLE_MODULE,pitfalls.md,core governance,must_read,read,true,947a3dcb898e36bbcb411a3f144f559d28b8aa2be3be1bdc1c81709cde3ad15a,145773,claude_chrome_tab,data/windows_agent_bridge/inbox; B2 cross-validation,low,Loaded into handoff pack unless missing; use live API/UI for external system facts.
WIN,MAPLAB_WIN_WINDOWS_EVIDENCE_COLLECTOR_DYNAMIC_ROLE_MODULE,TASK_QUEUE.md,core governance,must_read,read,true,7735bfcdb9f2cc31f8938a4a16c9bdccded7be4647c17dc80e82887df00ddc39,5732,claude_chrome_tab,data/windows_agent_bridge/inbox; B2 cross-validation,low,Loaded into handoff pack unless missing; use live API/UI for external system facts.
WIN,MAPLAB_WIN_WINDOWS_EVIDENCE_COLLECTOR_DYNAMIC_ROLE_MODULE,workbook/task_index.json,workbook artifact,must_read,read,true,a0a16a764e5db78fa40002dedccfafb5457b5e12d6eee37f9c2cdb14e9821be3,25422,claude_chrome_tab,data/windows_agent_bridge/inbox; B2 cross-validation,low,Loaded into handoff pack unless missing; use live API/UI for external system facts.
WIN,MAPLAB_WIN_WINDOWS_EVIDENCE_COLLECTOR_DYNAMIC_ROLE_MODULE,AGENT_RECALL_PROMPTS.md,core governance,must_read,read,true,6af77fe389d20dac0079dfbf2954098d6c30d68c87fee4ae7c7cb8a1ad2f5722,81227,claude_chrome_tab,data/windows_agent_bridge/inbox; B2 cross-validation,low,Loaded into handoff pack unless missing; use live API/UI for external system facts.
WIN,MAPLAB_WIN_WINDOWS_EVIDENCE_COLLECTOR_DYNAMIC_ROLE_MODULE,skills/superpowers-guide.md,skill / operating guide,must_read,read,true,8987b633b6f64545027e4744ec8ce3e8d85cf80127241dc79861dd5360407195,15373,claude_chrome_tab,data/windows_agent_bridge/inbox; B2 cross-validation,low,Loaded into handoff pack unless missing; use live API/UI for external system facts.
WIN,MAPLAB_WIN_WINDOWS_EVIDENCE_COLLECTOR_DYNAMIC_ROLE_MODULE,skills/task-progress-guide.md,skill / operating guide,must_read,read,true,a0a8dce530f8b02cba8dba5cdd461d0c1e7a972373da867edebe06ec9b7b7eb5,10792,claude_chrome_tab,data/windows_agent_bridge/inbox; B2 cross-validation,low,Loaded into handoff pack unless missing; use live API/UI for external system facts.
WIN,MAPLAB_WIN_WINDOWS_EVIDENCE_COLLECTOR_DYNAMIC_ROLE_MODULE,skills/session-lifecycle/SKILL.md,skill / operating guide,must_read,read,true,ba41f9ac9db25d3c3224a2ecd2e52cc74b989c8226bada767404034ec1eb76db,503,claude_chrome_tab,data/windows_agent_bridge/inbox; B2 cross-validation,low,Loaded into handoff pack unless missing; use live API/UI for external system facts.
WIN,MAPLAB_WIN_WINDOWS_EVIDENCE_COLLECTOR_DYNAMIC_ROLE_MODULE,recalls/WIN_recall.md,role recall prompt,must_read,read,true,1859ac52620f9dcd940b8f8236730af239e7fb28bbfd032549d4309074d22403,3247,claude_chrome_tab,data/windows_agent_bridge/inbox; B2 cross-validation,low,Loaded into handoff pack unless missing; use live API/UI for external system facts.
WIN,MAPLAB_WIN_WINDOWS_EVIDENCE_COLLECTOR_DYNAMIC_ROLE_MODULE,docs/openclaw/output-contract.md,governance or workflow document,must_read,read,true,368fad433ad22bf1f4fbeef3ef05d4baa179d4f9a93eff8f44639a4d430d03ba,1700,claude_chrome_tab,data/windows_agent_bridge/inbox; B2 cross-validation,low,Loaded into handoff pack unless missing; use live API/UI for external system facts.
WIN,MAPLAB_WIN_WINDOWS_EVIDENCE_COLLECTOR_DYNAMIC_ROLE_MODULE,docs/openclaw/relation-graph.md,governance or workflow document,must_read,read,true,616551a8eb75ef2f74175902bdc6e13bd0af0d68409ca0ad6e70f5d0574bc197,1211,claude_chrome_tab,data/windows_agent_bridge/inbox; B2 cross-validation,low,Loaded into handoff pack unless missing; use live API/UI for external system facts.
WIN,MAPLAB_WIN_WINDOWS_EVIDENCE_COLLECTOR_DYNAMIC_ROLE_MODULE,docs/openclaw/security-boundaries.md,governance or workflow document,must_read,read,true,b4426628c0f5ee1359f9c90fe1fc306321523f1d928fcf26db9c4ad95db63131,661,claude_chrome_tab,data/windows_agent_bridge/inbox; B2 cross-validation,low,Loaded into handoff pack unless missing; use live API/UI for external system facts.
WIN,MAPLAB_WIN_WINDOWS_EVIDENCE_COLLECTOR_DYNAMIC_ROLE_MODULE,workbook/reviews/README.md,workbook artifact,must_read,read,true,91c65b9321e7f66e9ae0299d9f6832c3e01c8e8e6ef1c54daa3bc7f358691add,698,claude_chrome_tab,data/windows_agent_bridge/inbox; B2 cross-validation,low,Loaded into handoff pack unless missing; use live API/UI for external system facts.
ALL,CODE_SURFACE,chrome-extension/manifest.json,code surface,implemented_by:chrome-extension,read/modify_by_A1,true,a10f6663a8a9ce083d8930eefde68092c99d8a3349b09b549f2f0a1d7ca8a82d,770,codex,Owner side panel entrypoint; role selection; GitHub dynamic data loading; Gemini/Codex/OpenClaw handoff prompt generation.,high,Changing this surface can affect multiple runtimes; update relation graph and changelog.
ALL,CODE_SURFACE,chrome-extension/popup.html,code surface,implemented_by:chrome-extension,read/modify_by_A1,true,bb9dcfa9b70d1b807328649129ce8de1c698c86b01eb9be889705b227f2d7110,13439,codex,Owner side panel entrypoint; role selection; GitHub dynamic data loading; Gemini/Codex/OpenClaw handoff prompt generation.,high,Changing this surface can affect multiple runtimes; update relation graph and changelog.
ALL,CODE_SURFACE,chrome-extension/popup.js,code surface,implemented_by:chrome-extension,read/modify_by_A1,true,ec2c3891b0b21b6b186e00c6240e5eb4aa15cecd1620d1767623f8506363aeb4,53589,codex,Owner side panel entrypoint; role selection; GitHub dynamic data loading; Gemini/Codex/OpenClaw handoff prompt generation.,high,Changing this surface can affect multiple runtimes; update relation graph and changelog.
ALL,CODE_SURFACE,chrome-extension/CHANGELOG.md,code surface,implemented_by:chrome-extension,read/modify_by_A1,true,8345fe41544e62012e3b2c2c9be901bc66f8640becc0d8ca2192936ac7ebb961,14000,codex,Owner side panel entrypoint; role selection; GitHub dynamic data loading; Gemini/Codex/OpenClaw handoff prompt generation.,high,Changing this surface can affect multiple runtimes; update relation graph and changelog.
ALL,CODE_SURFACE,chrome-extension/task-modules/index.json,code surface,implemented_by:chrome-extension,read/modify_by_A1,true,b3222e955485f4c321e3b67eb788f2a494fffccf82bb1feb057386b9facb4df2,13411,codex,Owner side panel entrypoint; role selection; GitHub dynamic data loading; Gemini/Codex/OpenClaw handoff prompt generation.,high,Changing this surface can affect multiple runtimes; update relation graph and changelog.
ALL,CODE_SURFACE,chrome-extension/config/task-modules.json,code surface,implemented_by:chrome-extension,read/modify_by_A1,true,30269bc5769f3c7eab37225f1b2c9c022c9dae6237e3efcf6a947b7052c10146,728,codex,Owner side panel entrypoint; role selection; GitHub dynamic data loading; Gemini/Codex/OpenClaw handoff prompt generation.,high,Changing this surface can affect multiple runtimes; update relation graph and changelog.
ALL,CODE_SURFACE,tools/ai_workbook/cli.py,code surface,implemented_by:ai-workbook,read/modify_by_A1,true,1516ef83acf683ba8d9b3d10bb248ba4d54cdf408b129eb7b8085aed73b12e1f,4012,codex,"Turns role modules into review bundles, context packs, microtasks, and relation graph records.",medium,Changing this surface can affect multiple runtimes; update relation graph and changelog.
ALL,CODE_SURFACE,tools/ai_workbook/build_context_pack.py,code surface,implemented_by:ai-workbook,read/modify_by_A1,true,6fbaa7e69f14a85534ff5c557bf885cec23c665a810608e9745d8fed8cfbe58f,2861,codex,"Turns role modules into review bundles, context packs, microtasks, and relation graph records.",medium,Changing this surface can affect multiple runtimes; update relation graph and changelog.
ALL,CODE_SURFACE,tools/ai_workbook/create_microtask.py,code surface,implemented_by:ai-workbook,read/modify_by_A1,true,76363e65bf206cc327caf79f4af8763379a4ae3f9fc2d777f0cd11212cfaf00c,1202,codex,"Turns role modules into review bundles, context packs, microtasks, and relation graph records.",medium,Changing this surface can affect multiple runtimes; update relation graph and changelog.
ALL,CODE_SURFACE,tools/ai_workbook/relation_graph.py,code surface,implemented_by:ai-workbook,read/modify_by_A1,true,876c4d1530438e25b116c603ed6b7e82af1d8bd8570ea7a6e886b5c21109fe3a,1880,codex,"Turns role modules into review bundles, context packs, microtasks, and relation graph records.",medium,Changing this surface can affect multiple runtimes; update relation graph and changelog.
ALL,CODE_SURFACE,tools/ai_workbook/openclaw_adapter.py,code surface,implemented_by:ai-workbook,read/modify_by_A1,true,e02ccbd0db33fa277640924171f81c5bb336afe715acf1f48cc46f5de0808aa4,17863,codex,"Turns role modules into review bundles, context packs, microtasks, and relation graph records.",medium,Changing this surface can affect multiple runtimes; update relation graph and changelog.
ALL,CODE_SURFACE,workbook/relation_graph.json,code surface,implemented_by:ai-workbook,read/modify_by_A1,true,4c34402d4280004adf65dc5c2c6c2a45e20bf61c610ff9f7cba54da08ad29674,20951,codex,"Turns role modules into review bundles, context packs, microtasks, and relation graph records.",medium,Changing this surface can affect multiple runtimes; update relation graph and changelog.
ALL,CODE_SURFACE,bot_a6/bot_a6.py,code surface,implemented_by:a6-openclaw-runtime,read/modify_by_A1,true,0ad1bba2aa94267427276663695cfabbc8f75e75f06878a8fa46cdeed0cc6774,71940,codex,"Telegram/A6 route should dispatch short work packages to OpenClaw, not fall back to old Claude-only flows.",high,Changing this surface can affect multiple runtimes; update relation graph and changelog.
ALL,CODE_SURFACE,bot_a6/openclaw_dispatch.py,code surface,implemented_by:a6-openclaw-runtime,read/modify_by_A1,true,dcbb8e1490c1f48c68ff0b4d285c108e5dc3d14c4589c6efc1303a8bcdb9dbc2,13479,codex,"Telegram/A6 route should dispatch short work packages to OpenClaw, not fall back to old Claude-only flows.",high,Changing this surface can affect multiple runtimes; update relation graph and changelog.
ALL,CODE_SURFACE,docs/openclaw/dispatch-role.md,code surface,implemented_by:a6-openclaw-runtime,read/modify_by_A1,true,51b08502cac884444908434effe9616fdcb9868d0f64e595f05d8adfa24e50da,874,codex,"Telegram/A6 route should dispatch short work packages to OpenClaw, not fall back to old Claude-only flows.",high,Changing this surface can affect multiple runtimes; update relation graph and changelog.
ALL,CODE_SURFACE,docs/openclaw/closed-loop-playbook.md,code surface,implemented_by:a6-openclaw-runtime,read/modify_by_A1,true,396abe3373e68262890accce29f546d5d0f58bee0422d687eab49370f19ab37e,913,codex,"Telegram/A6 route should dispatch short work packages to OpenClaw, not fall back to old Claude-only flows.",high,Changing this surface can affect multiple runtimes; update relation graph and changelog.
ALL,CODE_SURFACE,docs/openclaw/memory-governance.md,code surface,implemented_by:a6-openclaw-runtime,read/modify_by_A1,true,b56f5e71aa5140134e243c3dfd593fd74e2a3070a33310a37b7665b24310ce69,3627,codex,"Telegram/A6 route should dispatch short work packages to OpenClaw, not fall back to old Claude-only flows.",high,Changing this surface can affect multiple runtimes; update relation graph and changelog.
ALL,CODE_SURFACE,automation/seo_factory/build_a2a3_workbench.py,code surface,implemented_by:a2a3-workbench,read/modify_by_A1,true,4db4866ae8541d9acb052c580f716079ae7b54c76f2743d75092efe2b13f3ca2,78443,codex,"SEO/ads work packages, Rank Math recovery tasks, launchpad links, and public/internal content boundaries.",medium,Changing this surface can affect multiple runtimes; update relation graph and changelog.
ALL,CODE_SURFACE,automation/seo_factory/seo_factory.py,code surface,implemented_by:a2a3-workbench,read/modify_by_A1,true,641af6b24a00ab4b72c7a5de73c1924b8e290f0f071fb9d22f6362a615c8920c,21147,codex,"SEO/ads work packages, Rank Math recovery tasks, launchpad links, and public/internal content boundaries.",medium,Changing this surface can affect multiple runtimes; update relation graph and changelog.
ALL,CODE_SURFACE,docs/a2a3/handoff-board.html,code surface,implemented_by:a2a3-workbench,read/modify_by_A1,true,9998a1866ea193884a0024d9e42904a441de9f25e0051c5084493a56fc821576,43432,codex,"SEO/ads work packages, Rank Math recovery tasks, launchpad links, and public/internal content boundaries.",medium,Changing this surface can affect multiple runtimes; update relation graph and changelog.
ALL,CODE_SURFACE,docs/a2a3/launchpad.html,code surface,implemented_by:a2a3-workbench,read/modify_by_A1,true,73209771ef5211d9a20a91e5b5b3755f1b96aa40d903bca4b9b1f1033af8354f,6575,codex,"SEO/ads work packages, Rank Math recovery tasks, launchpad links, and public/internal content boundaries.",medium,Changing this surface can affect multiple runtimes; update relation graph and changelog.
ALL,CODE_SURFACE,docs/a2a3/openclaw-dispatch-pack.md,code surface,implemented_by:a2a3-workbench,read/modify_by_A1,true,cd42920cefc047b2ca8054453e1f6b55fdb09f5162fff7e875ef51402c7c995b,3991,codex,"SEO/ads work packages, Rank Math recovery tasks, launchpad links, and public/internal content boundaries.",medium,Changing this surface can affect multiple runtimes; update relation graph and changelog.
ALL,CODE_SURFACE,docs/a2a3/rankmath-keyword-recovery-2026-05-11.md,code surface,implemented_by:a2a3-workbench,read/modify_by_A1,true,4969c7b228cb6bb273014123f414fb4ac24d73e4231501df2ffde50ffa68398d,4855,codex,"SEO/ads work packages, Rank Math recovery tasks, launchpad links, and public/internal content boundaries.",medium,Changing this surface can affect multiple runtimes; update relation graph and changelog.
